user_id,conflict_school,interest_for_job_changing,purpose,status,occupation,result
13278,無回答,転職は考えていない,無回答,プログラミングに興味がある,企画・マーケティング,NG
20699,検討していない,IT業界への転職に興味がある,自分でサービスを開発できるようになりたい,受講は検討していない,事務職,NG
34660,検討していない,IT業界への転職に興味がある,今の仕事に活かしたい,3ヶ月よりも後に受講を検討している,教職員,NG
18785,検討していない,IT業界への転職に興味がある,,3ヶ月よりも後に受講を検討している,企画・マーケティング,NG
26650,検討している,転職は考えていない,自分でサービスを開発できるようになりたい,すぐにでも受講したい,事務職,NG
28159,検討していない,転職は考えていない,副業、フリーランスで稼げるようになりたい,受講は検討していない,財務・経理,NG
25839,検討している,転職は考えていない,副業、フリーランスで稼げるようになりたい,3ヶ月よりも後に受講を検討している,その他,NG
26209,検討していない,IT業界への転職に興味がある,IT業界で働きたい(就職・転職),3ヶ月よりも後に受講を検討している,専門職(医師・看護師・弁護士など),NG
20637,検討している,転職は考えていない,教養としてテクノロジーを理解したい,すぐにでも受講したい,大学生,OK
33677,検討している,転職は考えていない,今の仕事に活かしたい,すぐにでも受講したい,その他,NG
37057,検討していない,転職は考えていない,教養としてテクノロジーを理解したい,3ヶ月以内の受講を検討している,企画・マーケティング,NG
27628,検討している,転職は考えていない,今の仕事に活かしたい,3ヶ月以内の受講を検討している,企画・マーケティング,NG
21603,検討している,転職は考えていない,副業、フリーランスで稼げるようになりたい,すぐにでも受講したい,大学生,NG
36920,検討している,転職は考えていない,教養としてテクノロジーを理解したい,すぐにでも受講したい,管理職,OK
22417,検討していない,転職は考えていない,今の仕事に活かしたい,3ヶ月以内の受講を検討している,財務・経理,NG
29897,検討している,転職は考えていない,副業、フリーランスで稼げるようになりたい,3ヶ月以内の受講を検討している,事務職,NG
34715,検討している,転職は考えていない,副業、フリーランスで稼げるようになりたい,3ヶ月以内の受講を検討している,フリーター,NG
15841,無回答,IT業界への転職に興味がある,無回答,すぐにでも受講したい,企画・マーケティング,NG
26576,検討している,転職は考えていない,教養としてテクノロジーを理解したい,3ヶ月よりも後に受講を検討している,その他,OK
21440,検討している,転職は考えていない,副業、フリーランスで稼げるようになりたい,すぐにでも受講したい,その他,NG
33237,検討していない,IT業界への転職に興味がある,IT業界で働きたい(就職・転職),3ヶ月以内の受講を検討している,事務職,NG
26291,検討していない,IT業界への転職に興味がある,副業、フリーランスで稼げるようになりたい,受講は検討していない,その他,NG
24473,検討していない,転職は考えていない,自分でサービスを開発できるようになりたい,3ヶ月よりも後に受講を検討している,大学生,NG
35594,検討している,IT業界への転職に興味がある,IT業界で働きたい(就職・転職),3ヶ月以内の受講を検討している,企画・マーケティング,NG
20945,検討していない,転職は考えていない,IT業界で働きたい(就職・転職),3ヶ月以内の受講を検討している,大学生,NG
35013,検討していない,転職は考えていない,IT業界で働きたい(就職・転職),受講は検討していない,営業・販売,NG
35983,検討していない,IT業界への転職に興味がある,IT業界で働きたい(就職・転職),すぐにでも受講したい,その他,NG
32178,検討している,エンジニアとしての転職に興味がある,副業、フリーランスで稼げるようになりたい,すぐにでも受講したい,営業・販売,NG
31380,検討している,エンジニアとしての転職に興味がある,教養としてテクノロジーを理解したい,すぐにでも受講したい,営業・販売,OK
32122,検討している,転職は考えていない,自分でサービスを開発できるようになりたい,3ヶ月以内の受講を検討している,企画・マーケティング,NG
35966,検討している,転職は考えていない,今の仕事に活かしたい,すぐにでも受講したい,大学生,NG
26775,検討している,転職は考えていない,今の仕事に活かしたい,すぐにでも受講したい,営業・販売,NG
35471,検討している,転職は考えていない,自分でサービスを開発できるようになりたい,すぐにでも受講したい,その他,NG
29778,検討していない,転職は考えていない,教養としてテクノロジーを理解したい,3ヶ月以内の受講を検討している,高校生以下,OK
17556,検討していない,転職は考えていない,教養としてテクノロジーを理解したい,受講は検討していない,大学生,NG
25515,検討していない,IT業界への転職に興味がある,教養としてテクノロジーを理解したい,3ヶ月以内の受講を検討している,営業・販売,NG
20290,検討している,IT業界への転職に興味がある,自分でサービスを開発できるようになりたい,すぐにでも受講したい,営業・販売,NG
20415,検討している,転職は考えていない,副業、フリーランスで稼げるようになりたい,3ヶ月よりも後に受講を検討している,その他,NG
31110,検討している,転職は考えていない,副業、フリーランスで稼げるようになりたい,3ヶ月よりも後に受講を検討している,営業・販売,NG
19983,検討している,転職は考えていない,自分でサービスを開発できるようになりたい,3ヶ月以内の受講を検討している,事務職,NG
22987,検討していない,転職は考えていない,無回答,3ヶ月よりも後に受講を検討している,大学生,NG
19871,検討している,IT業界への転職に興味がある,自分でサービスを開発できるようになりたい,3ヶ月以内の受講を検討している,管理職,NG
17579,検討していない,転職は考えていない,無回答,すぐにでも受講したい,大学生,NG
37790,検討している,IT業界への転職に興味がある,IT業界で働きたい(就職・転職),すぐにでも受講したい,フリーター,NG
20659,検討していない,エンジニアとしての転職に興味がある,副業、フリーランスで稼げるようになりたい,3ヶ月よりも後に受講を検討している,営業・販売,NG
23431,検討していない,IT業界への転職に興味がある,副業、フリーランスで稼げるようになりたい,3ヶ月以内の受講を検討している,その他,NG
37984,検討している,転職は考えていない,IT業界で働きたい(就職・転職),すぐにでも受講したい,公務員・団体職員,NG
25188,検討している,転職は考えていない,今の仕事に活かしたい,3ヶ月以内の受講を検討している,大学生,NG
35679,検討していない,転職は考えていない,今の仕事に活かしたい,すぐにでも受講したい,営業・販売,NG
37223,検討していない,転職は考えていない,教養としてテクノロジーを理解したい,3ヶ月以内の受講を検討している,営業・販売,OK
25600,検討していない,IT業界への転職に興味がある,自分でサービスを開発できるようになりたい,3ヶ月よりも後に受講を検討している,企画・マーケティング,NG
14138,無回答,転職は考えていない,無回答,すぐにでも受講したい,大学生,NG
20985,検討していない,エンジニアとしての転職に興味がある,副業、フリーランスで稼げるようになりたい,3ヶ月以内の受講を検討している,研究・開発・技術者,NG
21403,検討していない,転職は考えていない,自分でサービスを開発できるようになりたい,すぐにでも受講したい,企画・マーケティング,NG
15014,無回答,転職は考えていない,無回答,プログラミングに興味がある,大学生,NG
33995,検討していない,転職は考えていない,自分でサービスを開発できるようになりたい,3ヶ月以内の受講を検討している,大学生,NG
25685,検討している,転職は考えていない,自分でサービスを開発できるようになりたい,3ヶ月よりも後に受講を検討している,企画・マーケティング,NG
16979,検討していない,無回答,無回答,3ヶ月よりも後に受講を検討している,管理職,NG
29757,検討している,IT業界への転職に興味がある,自分でサービスを開発できるようになりたい,3ヶ月よりも後に受講を検討している,営業・販売,NG
19015,検討していない,エンジニアとしての転職に興味がある,副業、フリーランスで稼げるようになりたい,受講は検討していない,フリーター,NG
26043,検討していない,転職は考えていない,教養としてテクノロジーを理解したい,すぐにでも受講したい,企画・マーケティング,OK
28258,検討している,転職は考えていない,今の仕事に活かしたい,3ヶ月以内の受講を検討している,会社経営・役員,NG
19187,検討していない,転職は考えていない,無回答,3ヶ月よりも後に受講を検討している,大学生,NG
14627,無回答,転職は考えていない,無回答,3ヶ月以内の受講を検討している,企画・マーケティング,NG
32226,検討している,転職は考えていない,今の仕事に活かしたい,すぐにでも受講したい,会社経営・役員,NG
22373,検討していない,転職は考えていない,教養としてテクノロジーを理解したい,受講は検討していない,財務・経理,OK
16789,検討している,無回答,今の仕事に活かしたい,3ヶ月以内の受講を検討している,営業・販売,NG
27231,検討している,転職は考えていない,副業、フリーランスで稼げるようになりたい,すぐにでも受講したい,高校生以下,NG
38033,検討している,転職は考えていない,IT業界で働きたい(就職・転職),すぐにでも受講したい,大学生,NG
19430,検討していない,転職は考えていない,副業、フリーランスで稼げるようになりたい,3ヶ月よりも後に受講を検討している,その他,NG
37436,検討している,転職は考えていない,今の仕事に活かしたい,3ヶ月よりも後に受講を検討している,企画・マーケティング,NG
38109,検討している,転職は考えていない,教養としてテクノロジーを理解したい,3ヶ月以内の受講を検討している,企画・マーケティング,OK
28746,検討している,IT業界への転職に興味がある,今の仕事に活かしたい,すぐにでも受講したい,企画・マーケティング,NG
28507,検討している,転職は考えていない,自分でサービスを開発できるようになりたい,すぐにでも受講したい,会社経営・役員,NG
34507,検討していない,転職は考えていない,教養としてテクノロジーを理解したい,すぐにでも受講したい,専門職(医師・看護師・弁護士など),OK
34187,検討している,転職は考えていない,副業、フリーランスで稼げるようになりたい,3ヶ月以内の受講を検討している,管理職,NG
20670,検討している,IT業界への転職に興味がある,自分でサービスを開発できるようになりたい,すぐにでも受講したい,営業・販売,NG
19474,検討している,エンジニアとしての転職に興味がある,副業、フリーランスで稼げるようになりたい,3ヶ月以内の受講を検討している,フリーター,NG
21108,検討していない,IT業界への転職に興味がある,副業、フリーランスで稼げるようになりたい,3ヶ月以内の受講を検討している,フリーター,NG
35022,検討していない,転職は考えていない,今の仕事に活かしたい,すぐにでも受講したい,会社経営・役員,NG
16042,無回答,IT業界への転職に興味がある,無回答,3ヶ月よりも後に受講を検討している,その他,NG
25587,検討している,転職は考えていない,今の仕事に活かしたい,3ヶ月以内の受講を検討している,会社経営・役員,NG
35253,検討している,転職は考えていない,教養としてテクノロジーを理解したい,すぐにでも受講したい,大学生,NG
30625,検討している,IT業界への転職に興味がある,IT業界で働きたい(就職・転職),すぐにでも受講したい,営業・販売,NG
32228,検討していない,IT業界への転職に興味がある,自分でサービスを開発できるようになりたい,すぐにでも受講したい,営業・販売,NG
18447,検討していない,転職は考えていない,今の仕事に活かしたい,3ヶ月よりも後に受講を検討している,総務・人事,NG
37868,検討していない,転職は考えていない,教養としてテクノロジーを理解したい,3ヶ月よりも後に受講を検討している,事務職,OK
31924,検討している,転職は考えていない,今の仕事に活かしたい,3ヶ月以内の受講を検討している,企画・マーケティング,NG
36972,検討している,転職は考えていない,自分でサービスを開発できるようになりたい,すぐにでも受講したい,大学院生,NG
34493,検討している,エンジニアとしての転職に興味がある,自分でサービスを開発できるようになりたい,3ヶ月よりも後に受講を検討している,営業・販売,NG
28217,検討している,IT業界への転職に興味がある,副業、フリーランスで稼げるようになりたい,すぐにでも受講したい,営業・販売,NG
37064,検討している,エンジニアとしての転職に興味がある,副業、フリーランスで稼げるようになりたい,すぐにでも受講したい,事務職,NG
33297,検討している,転職は考えていない,無回答,すぐにでも受講したい,その他,NG
37680,検討していない,エンジニアとしての転職に興味がある,副業、フリーランスで稼げるようになりたい,すぐにでも受講したい,研究・開発・技術者,NG
30933,検討している,転職は考えていない,今の仕事に活かしたい,3ヶ月よりも後に受講を検討している,企画・マーケティング,NG
18141,検討している,エンジニアとしての転職に興味がある,IT業界で働きたい(就職・転職),3ヶ月以内の受講を検討している,事務職,NG
14500,無回答,IT業界への転職に興味がある,無回答,3ヶ月以内の受講を検討している,フリーター,NG
37179,検討している,IT業界への転職に興味がある,副業、フリーランスで稼げるようになりたい,3ヶ月以内の受講を検討している,企画・マーケティング,NG
20126,検討している,転職は考えていない,IT業界で働きたい(就職・転職),すぐにでも受講したい,大学生,NG
30567,検討している,転職は考えていない,今の仕事に活かしたい,3ヶ月以内の受講を検討している,専門職(医師・看護師・弁護士など),NG
36550,検討していない,転職は考えていない,自分でサービスを開発できるようになりたい,受講は検討していない,営業・販売,NG
22944,検討している,IT業界への転職に興味がある,副業、フリーランスで稼げるようになりたい,3ヶ月よりも後に受講を検討している,広報・広告・デザイン,NG
20467,検討している,転職は考えていない,教養としてテクノロジーを理解したい,3ヶ月以内の受講を検討している,大学生,NG
19558,検討していない,転職は考えていない,自分でサービスを開発できるようになりたい,受講は検討していない,その他,NG
28880,検討している,転職は考えていない,今の仕事に活かしたい,すぐにでも受講したい,その他,NG
27395,検討している,転職は考えていない,今の仕事に活かしたい,3ヶ月よりも後に受講を検討している,総務・人事,NG
33057,検討している,転職は考えていない,自分でサービスを開発できるようになりたい,すぐにでも受講したい,会社経営・役員,NG
22045,検討していない,IT業界への転職に興味がある,教養としてテクノロジーを理解したい,受講は検討していない,営業・販売,OK
21920,検討している,転職は考えていない,自分でサービスを開発できるようになりたい,すぐにでも受講したい,総務・人事,NG
26267,検討している,転職は考えていない,教養としてテクノロジーを理解したい,すぐにでも受講したい,営業・販売,OK
35744,検討していない,転職は考えていない,教養としてテクノロジーを理解したい,3ヶ月よりも後に受講を検討している,大学生,OK
34174,検討している,エンジニアとしての転職に興味がある,教養としてテクノロジーを理解したい,3ヶ月よりも後に受講を検討している,営業・販売,OK
20569,検討していない,転職は考えていない,今の仕事に活かしたい,3ヶ月以内の受講を検討している,管理職,NG
31387,検討している,エンジニアとしての転職に興味がある,副業、フリーランスで稼げるようになりたい,3ヶ月以内の受講を検討している,広報・広告・デザイン,NG
20019,検討している,転職は考えていない,自分でサービスを開発できるようになりたい,すぐにでも受講したい,大学生,NG
25889,検討している,IT業界への転職に興味がある,IT業界で働きたい(就職・転職),3ヶ月以内の受講を検討している,企画・マーケティング,NG
20744,検討していない,転職は考えていない,副業、フリーランスで稼げるようになりたい,受講は検討していない,営業・販売,NG
19138,検討していない,転職は考えていない,副業、フリーランスで稼げるようになりたい,受講は検討していない,研究・開発・技術者,NG
32410,検討している,IT業界への転職に興味がある,IT業界で働きたい(就職・転職),すぐにでも受講したい,フリーター,NG
30300,検討している,転職は考えていない,IT業界で働きたい(就職・転職),3ヶ月よりも後に受講を検討している,大学生,NG
17225,検討している,転職は考えていない,今の仕事に活かしたい,3ヶ月以内の受講を検討している,企画・マーケティング,NG
32951,検討していない,IT業界への転職に興味がある,副業、フリーランスで稼げるようになりたい,3ヶ月以内の受講を検討している,フリーター,NG
32052,検討している,転職は考えていない,自分でサービスを開発できるようになりたい,すぐにでも受講したい,大学生,NG
29842,検討していない,転職は考えていない,今の仕事に活かしたい,すぐにでも受講したい,営業・販売,NG
23877,検討している,IT業界への転職に興味がある,自分でサービスを開発できるようになりたい,すぐにでも受講したい,営業・販売,NG
33345,検討している,IT業界への転職に興味がある,教養としてテクノロジーを理解したい,すぐにでも受講したい,その他,OK
35794,検討している,転職は考えていない,無回答,すぐにでも受講したい,フリーター,NG
25679,検討している,転職は考えていない,副業、フリーランスで稼げるようになりたい,3ヶ月以内の受講を検討している,フリーター,NG
15508,無回答,IT業界への転職に興味がある,無回答,すぐにでも受講したい,営業・販売,NG
31824,検討している,転職は考えていない,今の仕事に活かしたい,すぐにでも受講したい,研究・開発・技術者,NG
20219,検討していない,エンジニアとしての転職に興味がある,今の仕事に活かしたい,3ヶ月以内の受講を検討している,企画・マーケティング,NG
25501,検討している,転職は考えていない,今の仕事に活かしたい,すぐにでも受講したい,研究・開発・技術者,NG
19358,検討している,IT業界への転職に興味がある,自分でサービスを開発できるようになりたい,すぐにでも受講したい,企画・マーケティング,NG
29777,検討している,IT業界への転職に興味がある,副業、フリーランスで稼げるようになりたい,3ヶ月よりも後に受講を検討している,企画・マーケティング,NG
33855,検討している,IT業界への転職に興味がある,自分でサービスを開発できるようになりたい,3ヶ月以内の受講を検討している,営業・販売,NG
19685,検討している,エンジニアとしての転職に興味がある,自分でサービスを開発できるようになりたい,すぐにでも受講したい,フリーター,NG
31058,検討している,エンジニアとしての転職に興味がある,自分でサービスを開発できるようになりたい,3ヶ月以内の受講を検討している,総務・人事,NG
19316,検討している,転職は考えていない,教養としてテクノロジーを理解したい,3ヶ月よりも後に受講を検討している,フリーター,OK
19166,検討している,転職は考えていない,教養としてテクノロジーを理解したい,3ヶ月以内の受講を検討している,大学生,OK
32542,検討している,転職は考えていない,副業、フリーランスで稼げるようになりたい,3ヶ月以内の受講を検討している,営業・販売,NG
20556,検討していない,転職は考えていない,今の仕事に活かしたい,すぐにでも受講したい,公務員・団体職員,NG
20767,検討している,転職は考えていない,自分でサービスを開発できるようになりたい,3ヶ月以内の受講を検討している,大学生,NG
30212,検討している,転職は考えていない,IT業界で働きたい(就職・転職),すぐにでも受講したい,その他,NG
31908,検討している,エンジニアとしての転職に興味がある,副業、フリーランスで稼げるようになりたい,3ヶ月以内の受講を検討している,営業・販売,NG
28058,検討している,IT業界への転職に興味がある,自分でサービスを開発できるようになりたい,3ヶ月よりも後に受講を検討している,営業・販売,NG
31282,検討している,転職は考えていない,副業、フリーランスで稼げるようになりたい,すぐにでも受講したい,営業・販売,NG
25916,検討していない,IT業界への転職に興味がある,教養としてテクノロジーを理解したい,受講は検討していない,公務員・団体職員,OK
28959,検討していない,転職は考えていない,無回答,3ヶ月よりも後に受講を検討している,会社経営・役員,NG
24845,検討している,IT業界への転職に興味がある,IT業界で働きたい(就職・転職),受講は検討していない,営業・販売,NG
35750,検討している,エンジニアとしての転職に興味がある,教養としてテクノロジーを理解したい,3ヶ月以内の受講を検討している,営業・販売,OK
34113,検討している,IT業界への転職に興味がある,副業、フリーランスで稼げるようになりたい,3ヶ月以内の受講を検討している,フリーター,NG
23481,検討していない,転職は考えていない,無回答,3ヶ月よりも後に受講を検討している,大学生,NG
33831,検討している,転職は考えていない,自分でサービスを開発できるようになりたい,3ヶ月以内の受講を検討している,大学生,NG
33857,検討している,IT業界への転職に興味がある,IT業界で働きたい(就職・転職),3ヶ月以内の受講を検討している,フリーター,NG
30380,検討している,IT業界への転職に興味がある,IT業界で働きたい(就職・転職),すぐにでも受講したい,その他,NG
19970,検討している,転職は考えていない,自分でサービスを開発できるようになりたい,すぐにでも受講したい,営業・販売,NG
35859,検討していない,転職は考えていない,教養としてテクノロジーを理解したい,3ヶ月よりも後に受講を検討している,研究・開発・技術者,OK
19659,検討している,エンジニアとしての転職に興味がある,自分でサービスを開発できるようになりたい,すぐにでも受講したい,フリーター,NG
22173,検討していない,転職は考えていない,副業、フリーランスで稼げるようになりたい,3ヶ月よりも後に受講を検討している,事務職,NG
20897,検討している,IT業界への転職に興味がある,教養としてテクノロジーを理解したい,3ヶ月よりも後に受講を検討している,フリーター,NG
19555,検討していない,転職は考えていない,副業、フリーランスで稼げるようになりたい,3ヶ月以内の受講を検討している,営業・販売,NG
29085,検討している,転職は考えていない,IT業界で働きたい(就職・転職),すぐにでも受講したい,大学生,NG
36373,検討していない,転職は考えていない,今の仕事に活かしたい,すぐにでも受講したい,フリーター,NG
37591,検討している,転職は考えていない,無回答,すぐにでも受講したい,無回答,NG
34584,検討している,転職は考えていない,今の仕事に活かしたい,すぐにでも受講したい,研究・開発・技術者,NG
33941,検討している,転職は考えていない,自分でサービスを開発できるようになりたい,すぐにでも受講したい,大学生,NG
25216,検討している,エンジニアとしての転職に興味がある,IT業界で働きたい(就職・転職),すぐにでも受講したい,営業・販売,NG
21871,検討している,IT業界への転職に興味がある,自分でサービスを開発できるようになりたい,すぐにでも受講したい,事務職,NG
29645,検討していない,エンジニアとしての転職に興味がある,IT業界で働きたい(就職・転職),すぐにでも受講したい,営業・販売,NG
25026,検討していない,IT業界への転職に興味がある,教養としてテクノロジーを理解したい,3ヶ月よりも後に受講を検討している,企画・マーケティング,OK
32001,検討していない,転職は考えていない,IT業界で働きたい(就職・転職),受講は検討していない,総務・人事,NG
21487,検討している,転職は考えていない,IT業界で働きたい(就職・転職),すぐにでも受講したい,高校生以下,NG
37542,検討していない,エンジニアとしての転職に興味がある,IT業界で働きたい(就職・転職),すぐにでも受講したい,フリーター,NG
36862,検討している,IT業界への転職に興味がある,IT業界で働きたい(就職・転職),3ヶ月以内の受講を検討している,事務職,NG
27150,検討していない,転職は考えていない,無回答,3ヶ月以内の受講を検討している,事務職,NG
19324,検討していない,IT業界への転職に興味がある,今の仕事に活かしたい,受講は検討していない,研究・開発・技術者,NG
20781,検討している,IT業界への転職に興味がある,副業、フリーランスで稼げるようになりたい,3ヶ月以内の受講を検討している,会社経営・役員,NG
33397,検討していない,エンジニアとしての転職に興味がある,IT業界で働きたい(就職・転職),受講は検討していない,営業・販売,NG
35728,検討していない,転職は考えていない,教養としてテクノロジーを理解したい,3ヶ月以内の受講を検討している,会社経営・役員,OK
33560,検討している,IT業界への転職に興味がある,副業、フリーランスで稼げるようになりたい,3ヶ月以内の受講を検討している,営業・販売,NG
29101,検討している,転職は考えていない,今の仕事に活かしたい,3ヶ月以内の受講を検討している,企画・マーケティング,NG
18917,検討している,エンジニアとしての転職に興味がある,IT業界で働きたい(就職・転職),すぐにでも受講したい,その他,NG
20671,検討している,IT業界への転職に興味がある,自分でサービスを開発できるようになりたい,すぐにでも受講したい,総務・人事,NG
28822,検討していない,転職は考えていない,今の仕事に活かしたい,3ヶ月以内の受講を検討している,管理職,NG
37345,検討していない,転職は考えていない,教養としてテクノロジーを理解したい,受講は検討していない,専門職(医師・看護師・弁護士など),OK
18871,検討していない,転職は考えていない,,3ヶ月以内の受講を検討している,大学生,NG
18827,検討している,転職は考えていない,自分でサービスを開発できるようになりたい,すぐにでも受講したい,広報・広告・デザイン,NG
35452,検討している,エンジニアとしての転職に興味がある,自分でサービスを開発できるようになりたい,すぐにでも受講したい,その他,NG
37054,検討していない,転職は考えていない,自分でサービスを開発できるようになりたい,すぐにでも受講したい,会社経営・役員,NG
25960,検討している,転職は考えていない,今の仕事に活かしたい,すぐにでも受講したい,企画・マーケティング,NG
19297,検討していない,IT業界への転職に興味がある,IT業界で働きたい(就職・転職),3ヶ月以内の受講を検討している,事務職,NG
30110,検討していない,IT業界への転職に興味がある,今の仕事に活かしたい,すぐにでも受講したい,その他,NG
26281,検討していない,転職は考えていない,教養としてテクノロジーを理解したい,3ヶ月以内の受講を検討している,営業・販売,OK
31520,検討している,エンジニアとしての転職に興味がある,IT業界で働きたい(就職・転職),3ヶ月以内の受講を検討している,営業・販売,NG
17647,検討していない,エンジニアとしての転職に興味がある,今の仕事に活かしたい,すぐにでも受講したい,研究・開発・技術者,NG
35085,検討していない,IT業界への転職に興味がある,教養としてテクノロジーを理解したい,受講は検討していない,営業・販売,OK
37756,検討していない,転職は考えていない,教養としてテクノロジーを理解したい,すぐにでも受講したい,大学生,OK
20522,検討していない,転職は考えていない,教養としてテクノロジーを理解したい,3ヶ月以内の受講を検討している,管理職,NG
15984,無回答,転職は考えていない,無回答,3ヶ月以内の受講を検討している,自営業,NG
28471,検討していない,IT業界への転職に興味がある,自分でサービスを開発できるようになりたい,3ヶ月以内の受講を検討している,事務職,NG
18998,検討している,IT業界への転職に興味がある,IT業界で働きたい(就職・転職),すぐにでも受講したい,営業・販売,NG
29507,検討していない,転職は考えていない,今の仕事に活かしたい,すぐにでも受講したい,その他,NG
28661,検討している,転職は考えていない,IT業界で働きたい(就職・転職),受講は検討していない,営業・販売,NG
27433,検討している,IT業界への転職に興味がある,教養としてテクノロジーを理解したい,3ヶ月以内の受講を検討している,広報・広告・デザイン,OK
18812,検討していない,転職は考えていない,今の仕事に活かしたい,受講は検討していない,研究・開発・技術者,NG
33804,検討している,転職は考えていない,教養としてテクノロジーを理解したい,3ヶ月よりも後に受講を検討している,大学生,OK
25822,検討している,転職は考えていない,自分でサービスを開発できるようになりたい,3ヶ月以内の受講を検討している,大学生,NG
14684,無回答,IT業界への転職に興味がある,無回答,すぐにでも受講したい,会社経営・役員,NG
23813,検討していない,エンジニアとしての転職に興味がある,今の仕事に活かしたい,すぐにでも受講したい,企画・マーケティング,NG
29341,検討していない,IT業界への転職に興味がある,自分でサービスを開発できるようになりたい,すぐにでも受講したい,営業・販売,NG
29592,検討している,転職は考えていない,無回答,すぐにでも受講したい,無回答,NG
14551,無回答,転職は考えていない,無回答,プログラミングに興味がある,契約社員・派遣社員,NG
25790,検討している,IT業界への転職に興味がある,IT業界で働きたい(就職・転職),3ヶ月よりも後に受講を検討している,フリーター,NG
26886,検討している,エンジニアとしての転職に興味がある,IT業界で働きたい(就職・転職),3ヶ月以内の受講を検討している,企画・マーケティング,NG
24092,検討している,IT業界への転職に興味がある,IT業界で働きたい(就職・転職),すぐにでも受講したい,その他,NG
17071,検討していない,無回答,IT業界で働きたい(就職・転職),3ヶ月以内の受講を検討している,企画・マーケティング,NG
36180,検討していない,転職は考えていない,副業、フリーランスで稼げるようになりたい,3ヶ月以内の受講を検討している,その他,NG
26038,検討していない,転職は考えていない,自分でサービスを開発できるようになりたい,3ヶ月以内の受講を検討している,営業・販売,NG
19149,検討している,転職は考えていない,IT業界で働きたい(就職・転職),3ヶ月以内の受講を検討している,大学院生,NG
37602,検討している,IT業界への転職に興味がある,IT業界で働きたい(就職・転職),すぐにでも受講したい,フリーター,NG
20250,検討している,転職は考えていない,今の仕事に活かしたい,すぐにでも受講したい,事務職,NG
22299,検討していない,エンジニアとしての転職に興味がある,今の仕事に活かしたい,すぐにでも受講したい,研究・開発・技術者,NG
18988,検討していない,IT業界への転職に興味がある,IT業界で働きたい(就職・転職),すぐにでも受講したい,その他,NG
35587,検討していない,エンジニアとしての転職に興味がある,今の仕事に活かしたい,すぐにでも受講したい,研究・開発・技術者,NG
30038,検討している,転職は考えていない,副業、フリーランスで稼げるようになりたい,すぐにでも受講したい,その他,NG
36299,検討している,転職は考えていない,副業、フリーランスで稼げるようになりたい,3ヶ月以内の受講を検討している,大学生,NG
25351,検討している,転職は考えていない,今の仕事に活かしたい,3ヶ月以内の受講を検討している,企画・マーケティング,NG
20089,検討していない,エンジニアとしての転職に興味がある,今の仕事に活かしたい,3ヶ月以内の受講を検討している,企画・マーケティング,NG
27859,検討していない,転職は考えていない,教養としてテクノロジーを理解したい,3ヶ月以内の受講を検討している,大学生,OK
17424,検討している,転職は考えていない,自分でサービスを開発できるようになりたい,3ヶ月以内の受講を検討している,その他,NG
22462,検討していない,転職は考えていない,無回答,受講は検討していない,営業・販売,NG
32571,検討している,エンジニアとしての転職に興味がある,副業、フリーランスで稼げるようになりたい,すぐにでも受講したい,事務職,NG
13568,無回答,IT業界への転職に興味がある,無回答,プログラミングに興味がある,研究・開発・技術者,NG
18515,検討している,IT業界への転職に興味がある,教養としてテクノロジーを理解したい,すぐにでも受講したい,広報・広告・デザイン,NG
33087,検討している,IT業界への転職に興味がある,今の仕事に活かしたい,3ヶ月以内の受講を検討している,営業・販売,NG
32139,検討している,転職は考えていない,副業、フリーランスで稼げるようになりたい,受講は検討していない,専門職(医師・看護師・弁護士など),NG
29206,検討している,IT業界への転職に興味がある,IT業界で働きたい(就職・転職),3ヶ月以内の受講を検討している,企画・マーケティング,NG
31916,検討していない,転職は考えていない,教養としてテクノロジーを理解したい,3ヶ月以内の受講を検討している,研究・開発・技術者,OK
18066,検討していない,転職は考えていない,教養としてテクノロジーを理解したい,すぐにでも受講したい,大学院生,OK
20608,検討していない,転職は考えていない,教養としてテクノロジーを理解したい,3ヶ月以内の受講を検討している,研究・開発・技術者,NG
22433,検討している,転職は考えていない,自分でサービスを開発できるようになりたい,すぐにでも受講したい,営業・販売,NG
36498,検討していない,エンジニアとしての転職に興味がある,副業、フリーランスで稼げるようになりたい,すぐにでも受講したい,専門職(医師・看護師・弁護士など),NG
30101,検討している,IT業界への転職に興味がある,IT業界で働きたい(就職・転職),3ヶ月以内の受講を検討している,事務職,NG
34290,検討している,IT業界への転職に興味がある,教養としてテクノロジーを理解したい,3ヶ月以内の受講を検討している,専門職(医師・看護師・弁護士など),OK
35070,検討していない,転職は考えていない,自分でサービスを開発できるようになりたい,3ヶ月以内の受講を検討している,事務職,NG
33515,検討している,転職は考えていない,副業、フリーランスで稼げるようになりたい,3ヶ月以内の受講を検討している,大学生,NG
20853,検討している,転職は考えていない,副業、フリーランスで稼げるようになりたい,すぐにでも受講したい,営業・販売,NG
24163,検討している,IT業界への転職に興味がある,教養としてテクノロジーを理解したい,受講は検討していない,営業・販売,OK
19224,検討している,転職は考えていない,今の仕事に活かしたい,受講は検討していない,大学生,NG
34654,検討していない,転職は考えていない,教養としてテクノロジーを理解したい,3ヶ月以内の受講を検討している,大学生,NG
19313,検討している,エンジニアとしての転職に興味がある,今の仕事に活かしたい,3ヶ月以内の受講を検討している,その他,NG
22107,検討している,転職は考えていない,自分でサービスを開発できるようになりたい,すぐにでも受講したい,大学生,NG
21650,検討している,転職は考えていない,副業、フリーランスで稼げるようになりたい,すぐにでも受講したい,事務職,NG
13322,無回答,転職は考えていない,無回答,すぐにでも受講したい,大学生,NG
34580,検討している,転職は考えていない,自分でサービスを開発できるようになりたい,3ヶ月以内の受講を検討している,その他,NG
25460,検討している,転職は考えていない,今の仕事に活かしたい,3ヶ月以内の受講を検討している,大学生,NG
35079,検討している,転職は考えていない,無回答,すぐにでも受講したい,無回答,NG
29840,検討していない,転職は考えていない,教養としてテクノロジーを理解したい,すぐにでも受講したい,大学生,NG
26964,検討していない,IT業界への転職に興味がある,副業、フリーランスで稼げるようになりたい,すぐにでも受講したい,事務職,NG
14549,無回答,転職は考えていない,無回答,すぐにでも受講したい,営業・販売,NG
22799,検討している,転職は考えていない,自分でサービスを開発できるようになりたい,3ヶ月以内の受講を検討している,営業・販売,NG
26158,検討していない,IT業界への転職に興味がある,教養としてテクノロジーを理解したい,受講は検討していない,事務職,OK
27589,検討していない,IT業界への転職に興味がある,,受講は検討していない,営業・販売,NG
36149,検討している,転職は考えていない,IT業界で働きたい(就職・転職),すぐにでも受講したい,大学生,NG
36998,検討している,転職は考えていない,無回答,すぐにでも受講したい,大学生,NG
26618,検討している,転職は考えていない,今の仕事に活かしたい,3ヶ月以内の受講を検討している,営業・販売,NG
19429,検討している,エンジニアとしての転職に興味がある,IT業界で働きたい(就職・転職),3ヶ月以内の受講を検討している,その他,NG
18679,検討していない,転職は考えていない,自分でサービスを開発できるようになりたい,受講は検討していない,事務職,NG
29849,検討している,転職は考えていない,IT業界で働きたい(就職・転職),すぐにでも受講したい,高校生以下,NG
28603,検討している,IT業界への転職に興味がある,自分でサービスを開発できるようになりたい,3ヶ月よりも後に受講を検討している,研究・開発・技術者,NG
22139,検討している,転職は考えていない,自分でサービスを開発できるようになりたい,3ヶ月以内の受講を検討している,会社経営・役員,NG
17362,検討している,転職は考えていない,自分でサービスを開発できるようになりたい,3ヶ月以内の受講を検討している,会社経営・役員,NG
25485,検討している,転職は考えていない,自分でサービスを開発できるようになりたい,3ヶ月以内の受講を検討している,営業・販売,NG
32037,検討している,転職は考えていない,教養としてテクノロジーを理解したい,受講は検討していない,営業・販売,NG
25392,検討していない,転職は考えていない,自分でサービスを開発できるようになりたい,すぐにでも受講したい,大学生,NG
21182,検討している,IT業界への転職に興味がある,自分でサービスを開発できるようになりたい,3ヶ月以内の受講を検討している,会社経営・役員,NG
24258,検討している,転職は考えていない,副業、フリーランスで稼げるようになりたい,すぐにでも受講したい,企画・マーケティング,NG
35906,検討している,転職は考えていない,副業、フリーランスで稼げるようになりたい,3ヶ月以内の受講を検討している,専門職(医師・看護師・弁護士など),NG
21135,検討していない,IT業界への転職に興味がある,IT業界で働きたい(就職・転職),受講は検討していない,専門職(医師・看護師・弁護士など),NG
26459,検討している,IT業界への転職に興味がある,IT業界で働きたい(就職・転職),すぐにでも受講したい,その他,NG
13872,無回答,転職は考えていない,無回答,すぐにでも受講したい,大学生,NG
25933,検討していない,転職は考えていない,今の仕事に活かしたい,受講は検討していない,専門職(医師・看護師・弁護士など),NG
34206,検討していない,IT業界への転職に興味がある,自分でサービスを開発できるようになりたい,受講は検討していない,フリーター,NG
26660,検討していない,転職は考えていない,今の仕事に活かしたい,すぐにでも受講したい,総務・人事,NG
28404,検討していない,IT業界への転職に興味がある,副業、フリーランスで稼げるようになりたい,3ヶ月以内の受講を検討している,その他,NG
29333,検討している,転職は考えていない,今の仕事に活かしたい,3ヶ月以内の受講を検討している,営業・販売,NG
35993,検討していない,エンジニアとしての転職に興味がある,自分でサービスを開発できるようになりたい,3ヶ月以内の受講を検討している,会社経営・役員,NG
36405,検討している,転職は考えていない,副業、フリーランスで稼げるようになりたい,3ヶ月よりも後に受講を検討している,大学院生,NG
19085,検討している,IT業界への転職に興味がある,自分でサービスを開発できるようになりたい,すぐにでも受講したい,企画・マーケティング,NG
25702,検討している,転職は考えていない,今の仕事に活かしたい,すぐにでも受講したい,企画・マーケティング,NG
15509,無回答,エンジニアとしての転職に興味がある,無回答,すぐにでも受講したい,研究・開発・技術者,NG
14016,無回答,エンジニアとしての転職に興味がある,無回答,プログラミングに興味がある,事務職,NG
24805,検討している,エンジニアとしての転職に興味がある,副業、フリーランスで稼げるようになりたい,3ヶ月よりも後に受講を検討している,総務・人事,NG
25709,検討している,転職は考えていない,今の仕事に活かしたい,3ヶ月よりも後に受講を検討している,研究・開発・技術者,NG
36467,検討している,転職は考えていない,無回答,すぐにでも受講したい,大学生,NG
30639,検討している,IT業界への転職に興味がある,自分でサービスを開発できるようになりたい,すぐにでも受講したい,総務・人事,NG
28349,検討している,転職は考えていない,今の仕事に活かしたい,3ヶ月以内の受講を検討している,その他,NG
19108,検討している,転職は考えていない,今の仕事に活かしたい,3ヶ月以内の受講を検討している,管理職,NG
22473,検討している,転職は考えていない,自分でサービスを開発できるようになりたい,3ヶ月よりも後に受講を検討している,営業・販売,NG
37293,検討している,転職は考えていない,副業、フリーランスで稼げるようになりたい,3ヶ月以内の受講を検討している,その他,NG
36830,検討している,転職は考えていない,今の仕事に活かしたい,3ヶ月以内の受講を検討している,会社経営・役員,NG
37317,検討している,転職は考えていない,自分でサービスを開発できるようになりたい,すぐにでも受講したい,営業・販売,NG
38128,検討している,IT業界への転職に興味がある,IT業界で働きたい(就職・転職),3ヶ月よりも後に受講を検討している,フリーター,NG
35771,検討していない,転職は考えていない,IT業界で働きたい(就職・転職),3ヶ月以内の受講を検討している,大学院生,NG
17241,検討していない,転職は考えていない,自分でサービスを開発できるようになりたい,すぐにでも受講したい,大学生,NG
35856,検討していない,転職は考えていない,教養としてテクノロジーを理解したい,3ヶ月以内の受講を検討している,営業・販売,OK
32818,検討している,IT業界への転職に興味がある,教養としてテクノロジーを理解したい,すぐにでも受講したい,会社経営・役員,OK
36980,検討している,エンジニアとしての転職に興味がある,副業、フリーランスで稼げるようになりたい,3ヶ月以内の受講を検討している,研究・開発・技術者,NG
32132,検討している,IT業界への転職に興味がある,副業、フリーランスで稼げるようになりたい,すぐにでも受講したい,企画・マーケティング,NG
24566,検討していない,IT業界への転職に興味がある,自分でサービスを開発できるようになりたい,3ヶ月以内の受講を検討している,営業・販売,NG
20827,検討していない,IT業界への転職に興味がある,IT業界で働きたい(就職・転職),すぐにでも受講したい,営業・販売,NG
27522,検討していない,転職は考えていない,無回答,受講は検討していない,事務職,NG
23865,検討していない,IT業界への転職に興味がある,IT業界で働きたい(就職・転職),受講は検討していない,営業・販売,NG
32658,検討している,エンジニアとしての転職に興味がある,IT業界で働きたい(就職・転職),3ヶ月よりも後に受講を検討している,営業・販売,NG
24253,検討していない,IT業界への転職に興味がある,自分でサービスを開発できるようになりたい,すぐにでも受講したい,営業・販売,NG
23387,検討していない,転職は考えていない,今の仕事に活かしたい,3ヶ月以内の受講を検討している,広報・広告・デザイン,NG
19890,検討していない,転職は考えていない,自分でサービスを開発できるようになりたい,3ヶ月よりも後に受講を検討している,大学生,NG
24617,検討していない,転職は考えていない,IT業界で働きたい(就職・転職),受講は検討していない,大学院生,NG
35770,検討している,IT業界への転職に興味がある,IT業界で働きたい(就職・転職),3ヶ月以内の受講を検討している,研究・開発・技術者,NG
19686,検討している,エンジニアとしての転職に興味がある,教養としてテクノロジーを理解したい,すぐにでも受講したい,研究・開発・技術者,OK
22277,検討している,転職は考えていない,無回答,すぐにでも受講したい,無回答,NG
19311,検討していない,転職は考えていない,自分でサービスを開発できるようになりたい,3ヶ月以内の受講を検討している,大学生,NG
25850,検討していない,転職は考えていない,教養としてテクノロジーを理解したい,すぐにでも受講したい,大学生,OK
35942,検討している,IT業界への転職に興味がある,無回答,すぐにでも受講したい,営業・販売,NG
18560,検討している,転職は考えていない,今の仕事に活かしたい,3ヶ月以内の受講を検討している,無回答,NG
33655,検討していない,IT業界への転職に興味がある,副業、フリーランスで稼げるようになりたい,すぐにでも受講したい,企画・マーケティング,NG
20874,検討している,転職は考えていない,今の仕事に活かしたい,3ヶ月よりも後に受講を検討している,研究・開発・技術者,NG
33810,検討していない,転職は考えていない,今の仕事に活かしたい,すぐにでも受講したい,営業・販売,NG
14715,無回答,IT業界への転職に興味がある,無回答,プログラミングに興味がある,企画・マーケティング,NG
20595,検討していない,転職は考えていない,教養としてテクノロジーを理解したい,すぐにでも受講したい,企画・マーケティング,NG
20870,検討していない,転職は考えていない,教養としてテクノロジーを理解したい,受講は検討していない,大学生,OK
35530,検討している,転職は考えていない,IT業界で働きたい(就職・転職),受講は検討していない,事務職,NG
33561,検討している,転職は考えていない,自分でサービスを開発できるようになりたい,3ヶ月以内の受講を検討している,企画・マーケティング,NG
18828,検討している,転職は考えていない,今の仕事に活かしたい,すぐにでも受講したい,大学生,NG
31692,検討していない,IT業界への転職に興味がある,今の仕事に活かしたい,すぐにでも受講したい,企画・マーケティング,NG
36216,検討していない,転職は考えていない,教養としてテクノロジーを理解したい,3ヶ月以内の受講を検討している,営業・販売,OK
33032,検討している,IT業界への転職に興味がある,副業、フリーランスで稼げるようになりたい,3ヶ月以内の受講を検討している,その他,NG
16902,検討していない,無回答,自分でサービスを開発できるようになりたい,すぐにでも受講したい,営業・販売,NG
35599,検討していない,転職は考えていない,今の仕事に活かしたい,3ヶ月以内の受講を検討している,会社経営・役員,NG
37046,検討していない,エンジニアとしての転職に興味がある,IT業界で働きたい(就職・転職),3ヶ月以内の受講を検討している,その他,NG
21692,検討している,転職は考えていない,副業、フリーランスで稼げるようになりたい,3ヶ月よりも後に受講を検討している,総務・人事,NG
16921,検討していない,無回答,教養としてテクノロジーを理解したい,受講は検討していない,企画・マーケティング,OK
32321,検討していない,転職は考えていない,教養としてテクノロジーを理解したい,3ヶ月以内の受講を検討している,大学生,OK
24314,検討していない,転職は考えていない,今の仕事に活かしたい,すぐにでも受講したい,営業・販売,NG
25881,検討していない,転職は考えていない,教養としてテクノロジーを理解したい,受講は検討していない,大学生,OK
32759,検討している,転職は考えていない,今の仕事に活かしたい,すぐにでも受講したい,広報・広告・デザイン,NG
35315,検討している,転職は考えていない,副業、フリーランスで稼げるようになりたい,3ヶ月よりも後に受講を検討している,営業・販売,NG
20228,検討していない,転職は考えていない,今の仕事に活かしたい,すぐにでも受講したい,財務・経理,NG
27404,検討している,IT業界への転職に興味がある,IT業界で働きたい(就職・転職),すぐにでも受講したい,事務職,NG
34445,検討していない,転職は考えていない,今の仕事に活かしたい,3ヶ月よりも後に受講を検討している,営業・販売,NG
19210,検討している,転職は考えていない,教養としてテクノロジーを理解したい,3ヶ月以内の受講を検討している,営業・販売,OK
29596,検討している,IT業界への転職に興味がある,副業、フリーランスで稼げるようになりたい,すぐにでも受講したい,営業・販売,NG
33921,検討している,転職は考えていない,今の仕事に活かしたい,すぐにでも受講したい,営業・販売,NG
24530,検討している,転職は考えていない,自分でサービスを開発できるようになりたい,3ヶ月以内の受講を検討している,大学生,NG
28248,検討していない,転職は考えていない,今の仕事に活かしたい,3ヶ月以内の受講を検討している,企画・マーケティング,NG
36407,検討している,転職は考えていない,IT業界で働きたい(就職・転職),すぐにでも受講したい,フリーター,NG
27932,検討している,IT業界への転職に興味がある,今の仕事に活かしたい,3ヶ月以内の受講を検討している,研究・開発・技術者,NG
32986,検討している,転職は考えていない,,3ヶ月以内の受講を検討している,企画・マーケティング,NG
18765,検討している,転職は考えていない,自分でサービスを開発できるようになりたい,すぐにでも受講したい,企画・マーケティング,NG
19304,検討している,転職は考えていない,副業、フリーランスで稼げるようになりたい,すぐにでも受講したい,営業・販売,NG
25629,検討している,転職は考えていない,自分でサービスを開発できるようになりたい,3ヶ月以内の受講を検討している,大学生,NG
30906,検討している,IT業界への転職に興味がある,IT業界で働きたい(就職・転職),3ヶ月以内の受講を検討している,研究・開発・技術者,NG
24143,検討している,転職は考えていない,無回答,3ヶ月よりも後に受講を検討している,営業・販売,NG
20550,検討していない,転職は考えていない,教養としてテクノロジーを理解したい,すぐにでも受講したい,大学生,OK
31804,検討している,転職は考えていない,教養としてテクノロジーを理解したい,すぐにでも受講したい,財務・経理,OK
37841,検討していない,転職は考えていない,教養としてテクノロジーを理解したい,3ヶ月以内の受講を検討している,大学生,OK
34167,検討している,IT業界への転職に興味がある,IT業界で働きたい(就職・転職),すぐにでも受講したい,総務・人事,NG
36547,検討している,転職は考えていない,今の仕事に活かしたい,すぐにでも受講したい,会社経営・役員,NG
24888,検討していない,転職は考えていない,教養としてテクノロジーを理解したい,3ヶ月よりも後に受講を検討している,大学生,OK
20340,検討している,エンジニアとしての転職に興味がある,IT業界で働きたい(就職・転職),3ヶ月以内の受講を検討している,研究・開発・技術者,NG
21185,検討している,IT業界への転職に興味がある,今の仕事に活かしたい,3ヶ月以内の受講を検討している,公務員・団体職員,NG
19300,検討していない,転職は考えていない,今の仕事に活かしたい,3ヶ月以内の受講を検討している,企画・マーケティング,NG
35501,検討している,転職は考えていない,教養としてテクノロジーを理解したい,3ヶ月以内の受講を検討している,企画・マーケティング,OK
14839,無回答,エンジニアとしての転職に興味がある,無回答,プログラミングに興味がある,その他,NG
18310,検討している,転職は考えていない,自分でサービスを開発できるようになりたい,すぐにでも受講したい,大学生,NG
34199,検討している,転職は考えていない,自分でサービスを開発できるようになりたい,3ヶ月以内の受講を検討している,会社経営・役員,NG
14314,無回答,エンジニアとしての転職に興味がある,無回答,3ヶ月よりも後に受講を検討している,企画・マーケティング,NG
22758,検討している,IT業界への転職に興味がある,今の仕事に活かしたい,すぐにでも受講したい,研究・開発・技術者,NG
30678,検討している,転職は考えていない,副業、フリーランスで稼げるようになりたい,3ヶ月以内の受講を検討している,大学生,NG
35585,検討している,IT業界への転職に興味がある,IT業界で働きたい(就職・転職),3ヶ月以内の受講を検討している,研究・開発・技術者,NG
21044,検討していない,転職は考えていない,IT業界で働きたい(就職・転職),すぐにでも受講したい,大学生,NG
36199,検討していない,転職は考えていない,自分でサービスを開発できるようになりたい,すぐにでも受講したい,大学生,NG
18180,検討していない,転職は考えていない,今の仕事に活かしたい,受講は検討していない,大学生,NG
26990,検討している,IT業界への転職に興味がある,IT業界で働きたい(就職・転職),3ヶ月以内の受講を検討している,営業・販売,NG
27114,検討していない,IT業界への転職に興味がある,副業、フリーランスで稼げるようになりたい,受講は検討していない,専門職(医師・看護師・弁護士など),NG
30520,検討していない,転職は考えていない,自分でサービスを開発できるようになりたい,3ヶ月以内の受講を検討している,会社経営・役員,NG
17116,検討している,無回答,自分でサービスを開発できるようになりたい,3ヶ月以内の受講を検討している,大学生,NG
21072,検討している,転職は考えていない,自分でサービスを開発できるようになりたい,すぐにでも受講したい,事務職,NG
33919,検討している,エンジニアとしての転職に興味がある,自分でサービスを開発できるようになりたい,すぐにでも受講したい,営業・販売,NG
25419,検討している,IT業界への転職に興味がある,副業、フリーランスで稼げるようになりたい,受講は検討していない,フリーター,NG
25735,検討している,転職は考えていない,今の仕事に活かしたい,3ヶ月以内の受講を検討している,その他,NG
31323,検討していない,転職は考えていない,教養としてテクノロジーを理解したい,すぐにでも受講したい,大学生,OK
16331,無回答,エンジニアとしての転職に興味がある,無回答,3ヶ月以内の受講を検討している,営業・販売,NG
31947,検討していない,転職は考えていない,今の仕事に活かしたい,3ヶ月以内の受講を検討している,その他,NG
29325,検討している,エンジニアとしての転職に興味がある,副業、フリーランスで稼げるようになりたい,3ヶ月以内の受講を検討している,研究・開発・技術者,NG
33031,検討していない,転職は考えていない,自分でサービスを開発できるようになりたい,すぐにでも受講したい,企画・マーケティング,NG
19022,検討している,IT業界への転職に興味がある,副業、フリーランスで稼げるようになりたい,3ヶ月以内の受講を検討している,フリーター,NG
37629,検討している,転職は考えていない,教養としてテクノロジーを理解したい,3ヶ月以内の受講を検討している,大学生,OK
24059,検討している,転職は考えていない,教養としてテクノロジーを理解したい,3ヶ月以内の受講を検討している,企画・マーケティング,NG
26003,検討していない,エンジニアとしての転職に興味がある,今の仕事に活かしたい,3ヶ月以内の受講を検討している,広報・広告・デザイン,NG
20958,検討していない,転職は考えていない,IT業界で働きたい(就職・転職),3ヶ月以内の受講を検討している,大学生,NG
19146,検討している,転職は考えていない,今の仕事に活かしたい,すぐにでも受講したい,営業・販売,NG
37258,検討していない,転職は考えていない,副業、フリーランスで稼げるようになりたい,すぐにでも受講したい,営業・販売,NG
28467,検討していない,転職は考えていない,副業、フリーランスで稼げるようになりたい,受講は検討していない,営業・販売,NG
24703,検討していない,IT業界への転職に興味がある,自分でサービスを開発できるようになりたい,3ヶ月以内の受講を検討している,主婦,NG
19171,検討している,IT業界への転職に興味がある,教養としてテクノロジーを理解したい,すぐにでも受講したい,その他,OK
34862,検討していない,転職は考えていない,教養としてテクノロジーを理解したい,すぐにでも受講したい,営業・販売,OK
17314,検討している,転職は考えていない,教養としてテクノロジーを理解したい,3ヶ月以内の受講を検討している,大学生,OK
13923,無回答,転職は考えていない,無回答,3ヶ月以内の受講を検討している,営業・販売,NG
14959,無回答,転職は考えていない,無回答,すぐにでも受講したい,営業・販売,NG
29823,検討している,転職は考えていない,教養としてテクノロジーを理解したい,すぐにでも受講したい,大学生,NG
17605,検討していない,IT業界への転職に興味がある,副業、フリーランスで稼げるようになりたい,すぐにでも受講したい,管理職,NG
30952,検討している,転職は考えていない,教養としてテクノロジーを理解したい,すぐにでも受講したい,営業・販売,OK
35390,検討していない,転職は考えていない,教養としてテクノロジーを理解したい,3ヶ月以内の受講を検討している,総務・人事,OK
36253,検討している,エンジニアとしての転職に興味がある,副業、フリーランスで稼げるようになりたい,3ヶ月よりも後に受講を検討している,フリーター,NG
34312,検討している,転職は考えていない,今の仕事に活かしたい,3ヶ月以内の受講を検討している,広報・広告・デザイン,NG
15882,無回答,エンジニアとしての転職に興味がある,無回答,3ヶ月以内の受講を検討している,大学生,NG
28780,検討していない,転職は考えていない,副業、フリーランスで稼げるようになりたい,3ヶ月以内の受講を検討している,大学生,NG
35775,検討している,転職は考えていない,自分でサービスを開発できるようになりたい,3ヶ月以内の受講を検討している,会社経営・役員,NG
30846,検討している,エンジニアとしての転職に興味がある,自分でサービスを開発できるようになりたい,すぐにでも受講したい,営業・販売,NG
33005,検討している,転職は考えていない,副業、フリーランスで稼げるようになりたい,3ヶ月よりも後に受講を検討している,営業・販売,NG
18266,検討している,転職は考えていない,自分でサービスを開発できるようになりたい,3ヶ月以内の受講を検討している,企画・マーケティング,NG
30407,検討している,IT業界への転職に興味がある,自分でサービスを開発できるようになりたい,すぐにでも受講したい,営業・販売,NG
27253,検討していない,転職は考えていない,今の仕事に活かしたい,受講は検討していない,無回答,NG
17895,検討している,転職は考えていない,IT業界で働きたい(就職・転職),すぐにでも受講したい,大学生,NG
21563,検討していない,転職は考えていない,自分でサービスを開発できるようになりたい,3ヶ月以内の受講を検討している,営業・販売,NG
29867,検討している,転職は考えていない,IT業界で働きたい(就職・転職),3ヶ月以内の受講を検討している,研究・開発・技術者,NG
35977,検討している,IT業界への転職に興味がある,副業、フリーランスで稼げるようになりたい,すぐにでも受講したい,事務職,NG
21415,検討している,転職は考えていない,今の仕事に活かしたい,3ヶ月以内の受講を検討している,会社経営・役員,NG
21532,検討していない,IT業界への転職に興味がある,IT業界で働きたい(就職・転職),受講は検討していない,総務・人事,NG
32944,検討している,転職は考えていない,無回答,すぐにでも受講したい,大学生,NG
24035,検討していない,転職は考えていない,教養としてテクノロジーを理解したい,すぐにでも受講したい,管理職,OK
33391,検討している,転職は考えていない,教養としてテクノロジーを理解したい,すぐにでも受講したい,財務・経理,OK
35621,検討していない,IT業界への転職に興味がある,副業、フリーランスで稼げるようになりたい,3ヶ月以内の受講を検討している,営業・販売,NG
18159,検討していない,転職は考えていない,副業、フリーランスで稼げるようになりたい,すぐにでも受講したい,営業・販売,NG
27267,検討している,エンジニアとしての転職に興味がある,教養としてテクノロジーを理解したい,すぐにでも受講したい,その他,OK
33508,検討していない,転職は考えていない,自分でサービスを開発できるようになりたい,受講は検討していない,研究・開発・技術者,NG
34802,検討している,転職は考えていない,今の仕事に活かしたい,3ヶ月よりも後に受講を検討している,会社経営・役員,NG
21908,検討していない,転職は考えていない,自分でサービスを開発できるようになりたい,すぐにでも受講したい,大学院生,NG
28627,検討している,転職は考えていない,今の仕事に活かしたい,すぐにでも受講したい,営業・販売,NG
23756,検討している,転職は考えていない,自分でサービスを開発できるようになりたい,3ヶ月以内の受講を検討している,営業・販売,NG
26293,検討していない,転職は考えていない,教養としてテクノロジーを理解したい,受講は検討していない,その他,OK
25965,検討していない,転職は考えていない,教養としてテクノロジーを理解したい,すぐにでも受講したい,会社経営・役員,NG
20276,検討していない,エンジニアとしての転職に興味がある,副業、フリーランスで稼げるようになりたい,3ヶ月以内の受講を検討している,営業・販売,NG
23258,検討していない,転職は考えていない,教養としてテクノロジーを理解したい,3ヶ月以内の受講を検討している,大学生,OK
19355,検討している,転職は考えていない,自分でサービスを開発できるようになりたい,3ヶ月以内の受講を検討している,高校生以下,NG
21220,検討していない,転職は考えていない,教養としてテクノロジーを理解したい,すぐにでも受講したい,大学生,OK
19432,検討していない,エンジニアとしての転職に興味がある,IT業界で働きたい(就職・転職),3ヶ月よりも後に受講を検討している,営業・販売,NG
24579,検討していない,転職は考えていない,副業、フリーランスで稼げるようになりたい,3ヶ月よりも後に受講を検討している,専門職(医師・看護師・弁護士など),NG
14350,無回答,エンジニアとしての転職に興味がある,無回答,3ヶ月以内の受講を検討している,高校生以下,NG
35706,検討していない,転職は考えていない,教養としてテクノロジーを理解したい,3ヶ月以内の受講を検討している,会社経営・役員,OK
21189,検討している,IT業界への転職に興味がある,教養としてテクノロジーを理解したい,3ヶ月以内の受講を検討している,営業・販売,OK
35990,検討していない,エンジニアとしての転職に興味がある,IT業界で働きたい(就職・転職),3ヶ月よりも後に受講を検討している,その他,NG
37910,検討していない,IT業界への転職に興味がある,今の仕事に活かしたい,すぐにでも受講したい,企画・マーケティング,NG
25390,検討している,転職は考えていない,IT業界で働きたい(就職・転職),すぐにでも受講したい,大学生,NG
21497,検討していない,IT業界への転職に興味がある,副業、フリーランスで稼げるようになりたい,3ヶ月以内の受講を検討している,営業・販売,NG
28895,検討している,IT業界への転職に興味がある,IT業界で働きたい(就職・転職),3ヶ月以内の受講を検討している,事務職,NG
34981,検討している,転職は考えていない,教養としてテクノロジーを理解したい,3ヶ月以内の受講を検討している,大学生,OK
21918,検討している,転職は考えていない,自分でサービスを開発できるようになりたい,3ヶ月以内の受講を検討している,大学院生,NG
28348,検討している,IT業界への転職に興味がある,教養としてテクノロジーを理解したい,3ヶ月以内の受講を検討している,主婦,NG
20612,検討していない,転職は考えていない,自分でサービスを開発できるようになりたい,すぐにでも受講したい,企画・マーケティング,NG
32980,検討していない,転職は考えていない,教養としてテクノロジーを理解したい,受講は検討していない,高校生以下,NG
34323,検討していない,転職は考えていない,教養としてテクノロジーを理解したい,受講は検討していない,企画・マーケティング,OK
20468,検討していない,転職は考えていない,副業、フリーランスで稼げるようになりたい,すぐにでも受講したい,フリーター,NG
35373,検討していない,転職は考えていない,自分でサービスを開発できるようになりたい,3ヶ月以内の受講を検討している,その他,NG
36651,検討している,IT業界への転職に興味がある,教養としてテクノロジーを理解したい,3ヶ月よりも後に受講を検討している,財務・経理,NG
21763,検討している,転職は考えていない,自分でサービスを開発できるようになりたい,すぐにでも受講したい,研究・開発・技術者,NG
34514,検討している,IT業界への転職に興味がある,今の仕事に活かしたい,すぐにでも受講したい,教職員,NG
24671,検討している,IT業界への転職に興味がある,IT業界で働きたい(就職・転職),3ヶ月よりも後に受講を検討している,フリーター,NG
18356,検討している,転職は考えていない,自分でサービスを開発できるようになりたい,3ヶ月以内の受講を検討している,企画・マーケティング,NG
30057,検討していない,IT業界への転職に興味がある,自分でサービスを開発できるようになりたい,3ヶ月以内の受講を検討している,会社経営・役員,NG
18206,検討している,転職は考えていない,今の仕事に活かしたい,受講は検討していない,総務・人事,NG
20469,検討していない,転職は考えていない,教養としてテクノロジーを理解したい,受講は検討していない,大学生,OK
35958,検討していない,転職は考えていない,教養としてテクノロジーを理解したい,受講は検討していない,専門職(医師・看護師・弁護士など),OK
25050,検討している,IT業界への転職に興味がある,IT業界で働きたい(就職・転職),受講は検討していない,広報・広告・デザイン,NG
28018,検討している,IT業界への転職に興味がある,副業、フリーランスで稼げるようになりたい,受講は検討していない,その他,NG
27866,検討している,エンジニアとしての転職に興味がある,教養としてテクノロジーを理解したい,3ヶ月以内の受講を検討している,フリーター,NG
33965,検討していない,エンジニアとしての転職に興味がある,IT業界で働きたい(就職・転職),3ヶ月以内の受講を検討している,フリーター,NG
34108,検討している,IT業界への転職に興味がある,IT業界で働きたい(就職・転職),すぐにでも受講したい,企画・マーケティング,NG
15589,無回答,転職は考えていない,無回答,プログラミングに興味がある,大学生,NG
32423,検討している,転職は考えていない,教養としてテクノロジーを理解したい,3ヶ月以内の受講を検討している,専門職(医師・看護師・弁護士など),OK
31013,検討している,転職は考えていない,教養としてテクノロジーを理解したい,3ヶ月以内の受講を検討している,研究・開発・技術者,OK
37682,検討していない,IT業界への転職に興味がある,IT業界で働きたい(就職・転職),3ヶ月以内の受講を検討している,フリーター,NG
20988,検討していない,IT業界への転職に興味がある,自分でサービスを開発できるようになりたい,3ヶ月以内の受講を検討している,営業・販売,NG
27105,検討していない,転職は考えていない,無回答,3ヶ月よりも後に受講を検討している,企画・マーケティング,NG
22443,検討していない,IT業界への転職に興味がある,IT業界で働きたい(就職・転職),すぐにでも受講したい,営業・販売,NG
28487,検討している,転職は考えていない,教養としてテクノロジーを理解したい,すぐにでも受講したい,財務・経理,OK
28491,検討している,転職は考えていない,今の仕事に活かしたい,3ヶ月以内の受講を検討している,事務職,NG
37239,検討していない,転職は考えていない,副業、フリーランスで稼げるようになりたい,3ヶ月以内の受講を検討している,大学生,NG
22085,検討していない,転職は考えていない,今の仕事に活かしたい,3ヶ月以内の受講を検討している,企画・マーケティング,NG
31788,検討していない,エンジニアとしての転職に興味がある,自分でサービスを開発できるようになりたい,受講は検討していない,営業・販売,NG
32507,検討している,転職は考えていない,自分でサービスを開発できるようになりたい,3ヶ月以内の受講を検討している,研究・開発・技術者,NG
37419,検討している,転職は考えていない,副業、フリーランスで稼げるようになりたい,3ヶ月よりも後に受講を検討している,営業・販売,NG
37355,検討していない,転職は考えていない,教養としてテクノロジーを理解したい,受講は検討していない,研究・開発・技術者,OK
34551,検討していない,転職は考えていない,副業、フリーランスで稼げるようになりたい,3ヶ月以内の受講を検討している,企画・マーケティング,NG
23194,検討している,転職は考えていない,今の仕事に活かしたい,3ヶ月以内の受講を検討している,会社経営・役員,NG
35634,検討している,転職は考えていない,IT業界で働きたい(就職・転職),すぐにでも受講したい,大学生,NG
21002,検討していない,転職は考えていない,自分でサービスを開発できるようになりたい,3ヶ月以内の受講を検討している,大学生,NG
30582,検討している,転職は考えていない,自分でサービスを開発できるようになりたい,すぐにでも受講したい,その他,NG
35033,検討している,転職は考えていない,副業、フリーランスで稼げるようになりたい,受講は検討していない,その他,NG
37312,検討している,転職は考えていない,無回答,すぐにでも受講したい,大学生,NG
38032,検討していない,転職は考えていない,教養としてテクノロジーを理解したい,すぐにでも受講したい,営業・販売,OK
25011,検討していない,転職は考えていない,教養としてテクノロジーを理解したい,すぐにでも受講したい,営業・販売,NG
29832,検討している,転職は考えていない,今の仕事に活かしたい,すぐにでも受講したい,企画・マーケティング,NG
25411,検討していない,転職は考えていない,自分でサービスを開発できるようになりたい,3ヶ月以内の受講を検討している,大学生,NG
21162,検討している,IT業界への転職に興味がある,自分でサービスを開発できるようになりたい,すぐにでも受講したい,財務・経理,NG
24311,検討していない,転職は考えていない,自分でサービスを開発できるようになりたい,すぐにでも受講したい,大学生,NG
35837,検討している,転職は考えていない,自分でサービスを開発できるようになりたい,3ヶ月以内の受講を検討している,大学生,NG
27132,検討している,転職は考えていない,今の仕事に活かしたい,3ヶ月以内の受講を検討している,営業・販売,NG
33623,検討している,エンジニアとしての転職に興味がある,副業、フリーランスで稼げるようになりたい,3ヶ月以内の受講を検討している,営業・販売,NG
32195,検討していない,転職は考えていない,無回答,すぐにでも受講したい,大学生,NG
28720,検討している,IT業界への転職に興味がある,教養としてテクノロジーを理解したい,すぐにでも受講したい,総務・人事,OK
18060,検討していない,エンジニアとしての転職に興味がある,IT業界で働きたい(就職・転職),3ヶ月よりも後に受講を検討している,研究・開発・技術者,NG
23353,検討している,転職は考えていない,今の仕事に活かしたい,3ヶ月以内の受講を検討している,企画・マーケティング,NG
33940,検討している,転職は考えていない,無回答,すぐにでも受講したい,大学生,NG
25338,検討していない,転職は考えていない,無回答,すぐにでも受講したい,専門職(医師・看護師・弁護士など),NG
25980,検討していない,IT業界への転職に興味がある,自分でサービスを開発できるようになりたい,3ヶ月以内の受講を検討している,企画・マーケティング,NG
25358,検討している,転職は考えていない,自分でサービスを開発できるようになりたい,すぐにでも受講したい,大学生,NG
14351,無回答,エンジニアとしての転職に興味がある,無回答,プログラミングに興味がある,その他,NG
20174,検討していない,転職は考えていない,教養としてテクノロジーを理解したい,受講は検討していない,財務・経理,OK
25562,検討している,転職は考えていない,自分でサービスを開発できるようになりたい,すぐにでも受講したい,営業・販売,NG
29811,検討している,転職は考えていない,今の仕事に活かしたい,3ヶ月以内の受講を検討している,その他,NG
32265,検討していない,転職は考えていない,無回答,3ヶ月以内の受講を検討している,大学生,NG
25446,検討していない,転職は考えていない,IT業界で働きたい(就職・転職),3ヶ月以内の受講を検討している,大学生,NG
32651,検討していない,転職は考えていない,自分でサービスを開発できるようになりたい,すぐにでも受講したい,その他,NG
14167,無回答,転職は考えていない,無回答,すぐにでも受講したい,研究・開発・技術者,NG
34314,検討していない,転職は考えていない,副業、フリーランスで稼げるようになりたい,3ヶ月以内の受講を検討している,その他,NG
36054,検討している,転職は考えていない,教養としてテクノロジーを理解したい,3ヶ月以内の受講を検討している,大学生,NG
26178,検討している,転職は考えていない,自分でサービスを開発できるようになりたい,3ヶ月以内の受講を検討している,営業・販売,NG
34101,検討している,転職は考えていない,自分でサービスを開発できるようになりたい,すぐにでも受講したい,企画・マーケティング,NG
36452,検討している,転職は考えていない,今の仕事に活かしたい,すぐにでも受講したい,会社経営・役員,NG
29345,検討していない,転職は考えていない,自分でサービスを開発できるようになりたい,3ヶ月以内の受講を検討している,総務・人事,NG
28705,検討していない,転職は考えていない,教養としてテクノロジーを理解したい,3ヶ月以内の受講を検討している,営業・販売,OK
26909,検討していない,転職は考えていない,教養としてテクノロジーを理解したい,3ヶ月以内の受講を検討している,大学生,OK
27924,検討していない,エンジニアとしての転職に興味がある,副業、フリーランスで稼げるようになりたい,受講は検討していない,広報・広告・デザイン,NG
35111,検討していない,転職は考えていない,自分でサービスを開発できるようになりたい,3ヶ月以内の受講を検討している,営業・販売,NG
22438,検討している,転職は考えていない,今の仕事に活かしたい,3ヶ月以内の受講を検討している,大学生,NG
35519,検討している,転職は考えていない,自分でサービスを開発できるようになりたい,3ヶ月よりも後に受講を検討している,事務職,NG
16815,検討している,無回答,自分でサービスを開発できるようになりたい,すぐにでも受講したい,会社経営・役員,NG
28675,検討している,転職は考えていない,自分でサービスを開発できるようになりたい,3ヶ月よりも後に受講を検討している,研究・開発・技術者,NG
25184,検討している,転職は考えていない,,3ヶ月以内の受講を検討している,大学生,NG
27604,検討していない,転職は考えていない,副業、フリーランスで稼げるようになりたい,3ヶ月以内の受講を検討している,企画・マーケティング,NG
35619,検討している,エンジニアとしての転職に興味がある,IT業界で働きたい(就職・転職),3ヶ月以内の受講を検討している,営業・販売,NG
13824,無回答,転職は考えていない,無回答,3ヶ月以内の受講を検討している,営業・販売,NG
35611,検討していない,転職は考えていない,副業、フリーランスで稼げるようになりたい,すぐにでも受講したい,営業・販売,NG
18231,検討していない,転職は考えていない,今の仕事に活かしたい,3ヶ月以内の受講を検討している,企画・マーケティング,NG
33278,検討していない,転職は考えていない,教養としてテクノロジーを理解したい,受講は検討していない,研究・開発・技術者,OK
22842,検討している,エンジニアとしての転職に興味がある,自分でサービスを開発できるようになりたい,すぐにでも受講したい,その他,NG
29399,検討している,エンジニアとしての転職に興味がある,,3ヶ月以内の受講を検討している,事務職,NG
34658,検討していない,転職は考えていない,自分でサービスを開発できるようになりたい,受講は検討していない,専門職(医師・看護師・弁護士など),NG
25788,検討している,エンジニアとしての転職に興味がある,IT業界で働きたい(就職・転職),受講は検討していない,事務職,NG
35481,検討している,転職は考えていない,自分でサービスを開発できるようになりたい,3ヶ月よりも後に受講を検討している,営業・販売,NG
25739,検討している,転職は考えていない,教養としてテクノロジーを理解したい,3ヶ月よりも後に受講を検討している,その他,OK
29874,検討している,転職は考えていない,無回答,すぐにでも受講したい,大学生,NG
32994,検討していない,エンジニアとしての転職に興味がある,自分でサービスを開発できるようになりたい,3ヶ月以内の受講を検討している,研究・開発・技術者,NG
31583,検討している,転職は考えていない,今の仕事に活かしたい,すぐにでも受講したい,その他,NG
33451,検討している,転職は考えていない,教養としてテクノロジーを理解したい,すぐにでも受講したい,営業・販売,OK
34523,検討していない,転職は考えていない,自分でサービスを開発できるようになりたい,受講は検討していない,その他,NG
18774,検討している,転職は考えていない,教養としてテクノロジーを理解したい,3ヶ月以内の受講を検討している,大学生,OK
37208,検討していない,IT業界への転職に興味がある,教養としてテクノロジーを理解したい,すぐにでも受講したい,管理職,NG
33575,検討している,転職は考えていない,今の仕事に活かしたい,3ヶ月以内の受講を検討している,企画・マーケティング,NG
20099,検討していない,エンジニアとしての転職に興味がある,教養としてテクノロジーを理解したい,受講は検討していない,営業・販売,OK
29411,検討していない,転職は考えていない,無回答,すぐにでも受講したい,大学生,NG
18833,検討していない,転職は考えていない,教養としてテクノロジーを理解したい,3ヶ月以内の受講を検討している,大学生,OK
14125,無回答,IT業界への転職に興味がある,無回答,すぐにでも受講したい,営業・販売,NG
18516,検討している,IT業界への転職に興味がある,自分でサービスを開発できるようになりたい,すぐにでも受講したい,その他,NG
35756,検討していない,転職は考えていない,教養としてテクノロジーを理解したい,3ヶ月以内の受講を検討している,会社経営・役員,NG
30876,検討していない,転職は考えていない,自分でサービスを開発できるようになりたい,3ヶ月以内の受講を検討している,大学院生,NG
25677,検討している,転職は考えていない,副業、フリーランスで稼げるようになりたい,3ヶ月以内の受講を検討している,広報・広告・デザイン,NG
27909,検討している,転職は考えていない,無回答,すぐにでも受講したい,大学生,NG
14201,無回答,転職は考えていない,無回答,すぐにでも受講したい,専門職(医師・看護師・弁護士など),NG
35544,検討していない,転職は考えていない,自分でサービスを開発できるようになりたい,すぐにでも受講したい,会社経営・役員,NG
30278,検討している,転職は考えていない,教養としてテクノロジーを理解したい,すぐにでも受講したい,企画・マーケティング,NG
36848,検討していない,転職は考えていない,副業、フリーランスで稼げるようになりたい,受講は検討していない,研究・開発・技術者,NG
20175,検討していない,IT業界への転職に興味がある,今の仕事に活かしたい,すぐにでも受講したい,研究・開発・技術者,NG
36225,検討している,転職は考えていない,自分でサービスを開発できるようになりたい,3ヶ月以内の受講を検討している,企画・マーケティング,NG
21348,検討している,転職は考えていない,自分でサービスを開発できるようになりたい,3ヶ月以内の受講を検討している,企画・マーケティング,NG
29764,検討していない,転職は考えていない,今の仕事に活かしたい,受講は検討していない,営業・販売,NG
35843,検討している,エンジニアとしての転職に興味がある,IT業界で働きたい(就職・転職),3ヶ月以内の受講を検討している,教職員,NG
19848,検討している,転職は考えていない,自分でサービスを開発できるようになりたい,3ヶ月以内の受講を検討している,大学生,NG
31508,検討していない,転職は考えていない,副業、フリーランスで稼げるようになりたい,すぐにでも受講したい,フリーター,NG
36590,検討していない,転職は考えていない,今の仕事に活かしたい,3ヶ月よりも後に受講を検討している,財務・経理,NG
25820,検討していない,IT業界への転職に興味がある,IT業界で働きたい(就職・転職),すぐにでも受講したい,その他,NG
14773,無回答,エンジニアとしての転職に興味がある,無回答,すぐにでも受講したい,営業・販売,NG
36966,検討している,IT業界への転職に興味がある,副業、フリーランスで稼げるようになりたい,3ヶ月以内の受講を検討している,会社経営・役員,NG
34886,検討している,転職は考えていない,教養としてテクノロジーを理解したい,受講は検討していない,総務・人事,OK
22040,検討している,転職は考えていない,IT業界で働きたい(就職・転職),受講は検討していない,大学生,NG
32757,検討していない,転職は考えていない,今の仕事に活かしたい,すぐにでも受講したい,専門職(医師・看護師・弁護士など),NG
24125,検討している,転職は考えていない,今の仕事に活かしたい,すぐにでも受講したい,事務職,NG
23168,検討していない,エンジニアとしての転職に興味がある,IT業界で働きたい(就職・転職),3ヶ月以内の受講を検討している,事務職,NG
37375,検討している,IT業界への転職に興味がある,自分でサービスを開発できるようになりたい,3ヶ月以内の受講を検討している,事務職,NG
17743,検討している,エンジニアとしての転職に興味がある,自分でサービスを開発できるようになりたい,すぐにでも受講したい,営業・販売,NG
18030,検討している,転職は考えていない,無回答,受講は検討していない,その他,NG
35224,検討していない,転職は考えていない,自分でサービスを開発できるようになりたい,受講は検討していない,総務・人事,NG
30575,検討している,転職は考えていない,今の仕事に活かしたい,3ヶ月よりも後に受講を検討している,専門職(医師・看護師・弁護士など),NG
13229,無回答,転職は考えていない,無回答,プログラミングに興味がある,営業・販売,NG
35200,検討していない,転職は考えていない,副業、フリーランスで稼げるようになりたい,すぐにでも受講したい,大学生,NG
20325,検討している,転職は考えていない,自分でサービスを開発できるようになりたい,受講は検討していない,大学生,NG
27644,検討している,IT業界への転職に興味がある,IT業界で働きたい(就職・転職),3ヶ月以内の受講を検討している,総務・人事,NG
18894,検討している,転職は考えていない,無回答,すぐにでも受講したい,無回答,NG
29597,検討している,転職は考えていない,自分でサービスを開発できるようになりたい,3ヶ月よりも後に受講を検討している,高校生以下,NG
35261,検討していない,転職は考えていない,教養としてテクノロジーを理解したい,3ヶ月以内の受講を検討している,会社経営・役員,OK
24983,検討している,転職は考えていない,今の仕事に活かしたい,すぐにでも受講したい,営業・販売,NG
19729,検討している,IT業界への転職に興味がある,自分でサービスを開発できるようになりたい,すぐにでも受講したい,財務・経理,NG
35864,検討していない,IT業界への転職に興味がある,教養としてテクノロジーを理解したい,3ヶ月以内の受講を検討している,広報・広告・デザイン,OK
19221,検討している,転職は考えていない,自分でサービスを開発できるようになりたい,すぐにでも受講したい,会社経営・役員,NG
28264,検討していない,転職は考えていない,今の仕事に活かしたい,3ヶ月以内の受講を検討している,会社経営・役員,NG
35072,検討していない,転職は考えていない,副業、フリーランスで稼げるようになりたい,3ヶ月以内の受講を検討している,営業・販売,NG
26010,検討している,転職は考えていない,副業、フリーランスで稼げるようになりたい,すぐにでも受講したい,企画・マーケティング,NG
34144,検討している,IT業界への転職に興味がある,IT業界で働きたい(就職・転職),すぐにでも受講したい,財務・経理,NG
19727,検討している,IT業界への転職に興味がある,副業、フリーランスで稼げるようになりたい,すぐにでも受講したい,その他,NG
32862,検討していない,エンジニアとしての転職に興味がある,副業、フリーランスで稼げるようになりたい,3ヶ月よりも後に受講を検討している,広報・広告・デザイン,OK
36785,検討していない,エンジニアとしての転職に興味がある,今の仕事に活かしたい,すぐにでも受講したい,企画・マーケティング,NG
29048,検討していない,エンジニアとしての転職に興味がある,IT業界で働きたい(就職・転職),すぐにでも受講したい,営業・販売,NG
32478,検討している,IT業界への転職に興味がある,今の仕事に活かしたい,3ヶ月以内の受講を検討している,広報・広告・デザイン,NG
20618,検討していない,IT業界への転職に興味がある,教養としてテクノロジーを理解したい,すぐにでも受講したい,その他,NG
36310,検討している,転職は考えていない,今の仕事に活かしたい,3ヶ月以内の受講を検討している,その他,NG
36113,検討している,転職は考えていない,自分でサービスを開発できるようになりたい,すぐにでも受講したい,大学生,NG
24577,検討していない,転職は考えていない,無回答,3ヶ月以内の受講を検討している,大学生,NG
20573,検討していない,転職は考えていない,今の仕事に活かしたい,3ヶ月よりも後に受講を検討している,専門職(医師・看護師・弁護士など),NG
14734,無回答,IT業界への転職に興味がある,無回答,プログラミングに興味がある,事務職,NG
22645,検討している,IT業界への転職に興味がある,教養としてテクノロジーを理解したい,3ヶ月以内の受講を検討している,事務職,OK
16144,無回答,転職は考えていない,無回答,プログラミングに興味がある,営業・販売,NG
34021,検討している,エンジニアとしての転職に興味がある,IT業界で働きたい(就職・転職),3ヶ月以内の受講を検討している,その他,NG
26831,検討していない,エンジニアとしての転職に興味がある,教養としてテクノロジーを理解したい,3ヶ月よりも後に受講を検討している,営業・販売,OK
25126,検討している,エンジニアとしての転職に興味がある,IT業界で働きたい(就職・転職),すぐにでも受講したい,その他,NG
25621,検討している,転職は考えていない,副業、フリーランスで稼げるようになりたい,すぐにでも受講したい,その他,NG
23864,検討している,転職は考えていない,副業、フリーランスで稼げるようになりたい,3ヶ月以内の受講を検討している,財務・経理,NG
37309,検討している,IT業界への転職に興味がある,IT業界で働きたい(就職・転職),すぐにでも受講したい,その他,NG
20852,検討していない,転職は考えていない,今の仕事に活かしたい,すぐにでも受講したい,大学院生,NG
27004,検討している,エンジニアとしての転職に興味がある,自分でサービスを開発できるようになりたい,3ヶ月以内の受講を検討している,その他,NG
25053,検討していない,転職は考えていない,教養としてテクノロジーを理解したい,受講は検討していない,総務・人事,OK
32594,検討していない,エンジニアとしての転職に興味がある,自分でサービスを開発できるようになりたい,3ヶ月以内の受講を検討している,研究・開発・技術者,NG
25930,検討している,転職は考えていない,教養としてテクノロジーを理解したい,すぐにでも受講したい,大学生,OK
23817,検討している,転職は考えていない,教養としてテクノロジーを理解したい,3ヶ月以内の受講を検討している,大学生,OK
22403,検討していない,転職は考えていない,無回答,3ヶ月よりも後に受講を検討している,大学生,NG
23959,検討していない,エンジニアとしての転職に興味がある,教養としてテクノロジーを理解したい,受講は検討していない,研究・開発・技術者,OK
25620,検討している,IT業界への転職に興味がある,IT業界で働きたい(就職・転職),すぐにでも受講したい,総務・人事,NG
34939,検討している,転職は考えていない,IT業界で働きたい(就職・転職),3ヶ月以内の受講を検討している,大学生,NG
24374,検討していない,転職は考えていない,無回答,3ヶ月よりも後に受講を検討している,大学生,NG
32645,検討していない,転職は考えていない,副業、フリーランスで稼げるようになりたい,すぐにでも受講したい,フリーター,NG
26164,検討していない,転職は考えていない,今の仕事に活かしたい,受講は検討していない,企画・マーケティング,NG
15598,無回答,転職は考えていない,無回答,すぐにでも受講したい,研究・開発・技術者,NG
13913,無回答,IT業界への転職に興味がある,無回答,プログラミングに興味がある,パート・アルバイト,NG
19075,検討している,エンジニアとしての転職に興味がある,今の仕事に活かしたい,すぐにでも受講したい,研究・開発・技術者,NG
23891,検討している,転職は考えていない,自分でサービスを開発できるようになりたい,すぐにでも受講したい,営業・販売,NG
22661,検討している,エンジニアとしての転職に興味がある,教養としてテクノロジーを理解したい,受講は検討していない,その他,OK
24546,検討している,転職は考えていない,今の仕事に活かしたい,3ヶ月以内の受講を検討している,その他,NG
23361,検討していない,転職は考えていない,無回答,3ヶ月よりも後に受講を検討している,大学生,NG
33344,検討している,転職は考えていない,副業、フリーランスで稼げるようになりたい,3ヶ月以内の受講を検討している,その他,NG
18666,検討していない,エンジニアとしての転職に興味がある,自分でサービスを開発できるようになりたい,3ヶ月以内の受講を検討している,事務職,NG
20716,検討している,転職は考えていない,教養としてテクノロジーを理解したい,すぐにでも受講したい,大学生,OK
31318,検討している,転職は考えていない,,3ヶ月よりも後に受講を検討している,その他,NG
33025,検討している,転職は考えていない,今の仕事に活かしたい,3ヶ月よりも後に受講を検討している,管理職,NG
26039,検討していない,転職は考えていない,教養としてテクノロジーを理解したい,3ヶ月以内の受講を検討している,公務員・団体職員,NG
32163,検討している,転職は考えていない,今の仕事に活かしたい,すぐにでも受講したい,教職員,NG
30214,検討していない,転職は考えていない,副業、フリーランスで稼げるようになりたい,受講は検討していない,その他,NG
33989,検討している,転職は考えていない,教養としてテクノロジーを理解したい,3ヶ月以内の受講を検討している,広報・広告・デザイン,NG
31392,検討している,エンジニアとしての転職に興味がある,自分でサービスを開発できるようになりたい,3ヶ月以内の受講を検討している,フリーター,NG
31186,検討していない,エンジニアとしての転職に興味がある,IT業界で働きたい(就職・転職),受講は検討していない,その他,NG
33093,検討している,エンジニアとしての転職に興味がある,自分でサービスを開発できるようになりたい,すぐにでも受講したい,研究・開発・技術者,NG
23206,検討していない,転職は考えていない,自分でサービスを開発できるようになりたい,3ヶ月以内の受講を検討している,その他,NG
20240,検討していない,転職は考えていない,自分でサービスを開発できるようになりたい,すぐにでも受講したい,財務・経理,NG
17213,検討していない,転職は考えていない,IT業界で働きたい(就職・転職),3ヶ月よりも後に受講を検討している,大学生,NG
20776,検討している,転職は考えていない,教養としてテクノロジーを理解したい,3ヶ月以内の受講を検討している,大学生,NG
31967,検討していない,転職は考えていない,自分でサービスを開発できるようになりたい,すぐにでも受講したい,会社経営・役員,NG
21963,検討している,IT業界への転職に興味がある,IT業界で働きたい(就職・転職),3ヶ月以内の受講を検討している,研究・開発・技術者,NG
20247,検討していない,転職は考えていない,教養としてテクノロジーを理解したい,すぐにでも受講したい,大学生,NG
31780,検討していない,転職は考えていない,自分でサービスを開発できるようになりたい,すぐにでも受講したい,事務職,NG
32125,検討している,転職は考えていない,自分でサービスを開発できるようになりたい,すぐにでも受講したい,営業・販売,NG
27447,検討していない,転職は考えていない,無回答,受講は検討していない,研究・開発・技術者,NG
13722,無回答,転職は考えていない,無回答,すぐにでも受講したい,大学生,NG
37746,検討している,転職は考えていない,自分でサービスを開発できるようになりたい,3ヶ月以内の受講を検討している,その他,NG
21705,検討していない,転職は考えていない,自分でサービスを開発できるようになりたい,すぐにでも受講したい,大学生,NG
13362,無回答,エンジニアとしての転職に興味がある,無回答,3ヶ月以内の受講を検討している,専門職(医師・看護師・弁護士など),NG
35944,検討している,IT業界への転職に興味がある,IT業界で働きたい(就職・転職),すぐにでも受講したい,その他,NG
29052,検討していない,転職は考えていない,教養としてテクノロジーを理解したい,3ヶ月以内の受講を検討している,研究・開発・技術者,NG
32462,検討している,転職は考えていない,教養としてテクノロジーを理解したい,3ヶ月以内の受講を検討している,大学生,OK
34956,検討していない,転職は考えていない,IT業界で働きたい(就職・転職),3ヶ月よりも後に受講を検討している,大学生,NG
36045,検討している,転職は考えていない,教養としてテクノロジーを理解したい,すぐにでも受講したい,大学生,NG
19341,検討している,IT業界への転職に興味がある,副業、フリーランスで稼げるようになりたい,すぐにでも受講したい,総務・人事,NG
25959,検討している,転職は考えていない,副業、フリーランスで稼げるようになりたい,3ヶ月以内の受講を検討している,営業・販売,NG
32915,検討している,エンジニアとしての転職に興味がある,自分でサービスを開発できるようになりたい,3ヶ月よりも後に受講を検討している,フリーター,NG
25250,検討している,転職は考えていない,今の仕事に活かしたい,すぐにでも受講したい,事務職,NG
28614,検討していない,IT業界への転職に興味がある,今の仕事に活かしたい,3ヶ月よりも後に受講を検討している,その他,NG
33683,検討している,IT業界への転職に興味がある,副業、フリーランスで稼げるようになりたい,3ヶ月以内の受講を検討している,事務職,NG
33821,検討している,転職は考えていない,教養としてテクノロジーを理解したい,3ヶ月よりも後に受講を検討している,大学生,OK
31234,検討していない,転職は考えていない,今の仕事に活かしたい,3ヶ月以内の受講を検討している,企画・マーケティング,NG
27260,検討していない,転職は考えていない,無回答,受講は検討していない,管理職,NG
37191,検討していない,転職は考えていない,自分でサービスを開発できるようになりたい,3ヶ月以内の受講を検討している,大学生,NG
19013,検討していない,転職は考えていない,今の仕事に活かしたい,すぐにでも受講したい,広報・広告・デザイン,NG
34723,検討していない,転職は考えていない,副業、フリーランスで稼げるようになりたい,受講は検討していない,大学生,NG
13927,無回答,IT業界への転職に興味がある,無回答,3ヶ月以内の受講を検討している,企画・マーケティング,NG
25454,検討している,転職は考えていない,教養としてテクノロジーを理解したい,すぐにでも受講したい,営業・販売,NG
32871,検討していない,転職は考えていない,教養としてテクノロジーを理解したい,3ヶ月よりも後に受講を検討している,営業・販売,OK
27159,検討していない,IT業界への転職に興味がある,IT業界で働きたい(就職・転職),受講は検討していない,フリーター,NG
33143,検討していない,転職は考えていない,教養としてテクノロジーを理解したい,すぐにでも受講したい,営業・販売,OK
21649,検討していない,転職は考えていない,自分でサービスを開発できるようになりたい,受講は検討していない,事務職,NG
33091,検討している,エンジニアとしての転職に興味がある,IT業界で働きたい(就職・転職),すぐにでも受講したい,企画・マーケティング,NG
36356,検討している,IT業界への転職に興味がある,教養としてテクノロジーを理解したい,3ヶ月以内の受講を検討している,教職員,OK
35751,検討していない,転職は考えていない,教養としてテクノロジーを理解したい,すぐにでも受講したい,会社経営・役員,OK
20941,検討している,転職は考えていない,今の仕事に活かしたい,すぐにでも受講したい,企画・マーケティング,NG
19938,検討している,IT業界への転職に興味がある,副業、フリーランスで稼げるようになりたい,すぐにでも受講したい,営業・販売,NG
15138,無回答,エンジニアとしての転職に興味がある,無回答,プログラミングに興味がある,専門職(医師・看護師・弁護士など),NG
34053,検討していない,エンジニアとしての転職に興味がある,副業、フリーランスで稼げるようになりたい,すぐにでも受講したい,事務職,NG
24469,検討していない,転職は考えていない,無回答,3ヶ月よりも後に受講を検討している,大学生,NG
23750,検討していない,転職は考えていない,今の仕事に活かしたい,3ヶ月以内の受講を検討している,会社経営・役員,NG
34652,検討している,IT業界への転職に興味がある,自分でサービスを開発できるようになりたい,すぐにでも受講したい,営業・販売,NG
31065,検討している,エンジニアとしての転職に興味がある,教養としてテクノロジーを理解したい,すぐにでも受講したい,営業・販売,OK
19736,検討している,エンジニアとしての転職に興味がある,副業、フリーランスで稼げるようになりたい,3ヶ月以内の受講を検討している,研究・開発・技術者,NG
37156,検討している,IT業界への転職に興味がある,IT業界で働きたい(就職・転職),3ヶ月以内の受講を検討している,その他,NG
21355,検討している,IT業界への転職に興味がある,IT業界で働きたい(就職・転職),3ヶ月以内の受講を検討している,事務職,NG
32244,検討している,転職は考えていない,副業、フリーランスで稼げるようになりたい,すぐにでも受講したい,フリーター,NG
22787,検討している,IT業界への転職に興味がある,副業、フリーランスで稼げるようになりたい,すぐにでも受講したい,事務職,NG
19698,検討している,転職は考えていない,自分でサービスを開発できるようになりたい,すぐにでも受講したい,大学生,NG
34718,検討している,転職は考えていない,無回答,すぐにでも受講したい,大学生,NG
33833,検討している,転職は考えていない,自分でサービスを開発できるようになりたい,すぐにでも受講したい,事務職,NG
19256,検討している,転職は考えていない,IT業界で働きたい(就職・転職),3ヶ月よりも後に受講を検討している,大学生,NG
25552,検討している,転職は考えていない,自分でサービスを開発できるようになりたい,3ヶ月以内の受講を検討している,大学生,NG
25625,検討していない,エンジニアとしての転職に興味がある,自分でサービスを開発できるようになりたい,3ヶ月以内の受講を検討している,営業・販売,NG
19315,検討していない,転職は考えていない,自分でサービスを開発できるようになりたい,3ヶ月以内の受講を検討している,大学生,NG
23134,検討していない,転職は考えていない,今の仕事に活かしたい,3ヶ月以内の受講を検討している,営業・販売,NG
23039,検討していない,転職は考えていない,無回答,3ヶ月よりも後に受講を検討している,大学生,NG
32344,検討していない,転職は考えていない,無回答,すぐにでも受講したい,大学生,NG
30142,検討している,IT業界への転職に興味がある,IT業界で働きたい(就職・転職),受講は検討していない,フリーター,NG
16875,検討していない,無回答,副業、フリーランスで稼げるようになりたい,受講は検討していない,事務職,NG
34789,検討していない,転職は考えていない,今の仕事に活かしたい,受講は検討していない,営業・販売,NG
23714,検討している,IT業界への転職に興味がある,自分でサービスを開発できるようになりたい,すぐにでも受講したい,フリーター,NG
34838,検討している,転職は考えていない,無回答,すぐにでも受講したい,無回答,NG
18744,検討している,IT業界への転職に興味がある,自分でサービスを開発できるようになりたい,すぐにでも受講したい,企画・マーケティング,OK
35929,検討していない,転職は考えていない,IT業界で働きたい(就職・転職),すぐにでも受講したい,大学生,NG
30635,検討している,転職は考えていない,自分でサービスを開発できるようになりたい,すぐにでも受講したい,大学生,NG
28441,検討していない,転職は考えていない,副業、フリーランスで稼げるようになりたい,3ヶ月以内の受講を検討している,企画・マーケティング,NG
32039,検討している,転職は考えていない,自分でサービスを開発できるようになりたい,3ヶ月以内の受講を検討している,会社経営・役員,NG
26587,検討している,転職は考えていない,副業、フリーランスで稼げるようになりたい,3ヶ月以内の受講を検討している,無回答,NG
37742,検討していない,IT業界への転職に興味がある,教養としてテクノロジーを理解したい,すぐにでも受講したい,企画・マーケティング,OK
33693,検討していない,転職は考えていない,IT業界で働きたい(就職・転職),すぐにでも受講したい,大学生,NG
26672,検討していない,IT業界への転職に興味がある,IT業界で働きたい(就職・転職),3ヶ月以内の受講を検討している,営業・販売,NG
32572,検討している,IT業界への転職に興味がある,IT業界で働きたい(就職・転職),すぐにでも受講したい,営業・販売,NG
22013,検討している,転職は考えていない,副業、フリーランスで稼げるようになりたい,すぐにでも受講したい,大学生,NG
29955,検討していない,転職は考えていない,今の仕事に活かしたい,3ヶ月よりも後に受講を検討している,企画・マーケティング,NG
36244,検討している,転職は考えていない,自分でサービスを開発できるようになりたい,3ヶ月以内の受講を検討している,事務職,NG
23001,検討している,転職は考えていない,副業、フリーランスで稼げるようになりたい,3ヶ月以内の受講を検討している,その他,NG
34820,検討していない,転職は考えていない,自分でサービスを開発できるようになりたい,すぐにでも受講したい,研究・開発・技術者,NG
23764,検討している,転職は考えていない,今の仕事に活かしたい,3ヶ月以内の受講を検討している,総務・人事,NG
36523,検討している,転職は考えていない,今の仕事に活かしたい,受講は検討していない,管理職,NG
21768,検討していない,IT業界への転職に興味がある,自分でサービスを開発できるようになりたい,3ヶ月以内の受講を検討している,総務・人事,NG
18587,検討している,転職は考えていない,今の仕事に活かしたい,すぐにでも受講したい,事務職,NG
34006,検討している,転職は考えていない,自分でサービスを開発できるようになりたい,3ヶ月よりも後に受講を検討している,企画・マーケティング,NG
22862,検討している,IT業界への転職に興味がある,IT業界で働きたい(就職・転職),3ヶ月以内の受講を検討している,事務職,NG
22384,検討している,エンジニアとしての転職に興味がある,副業、フリーランスで稼げるようになりたい,3ヶ月以内の受講を検討している,営業・販売,NG
33114,検討している,エンジニアとしての転職に興味がある,自分でサービスを開発できるようになりたい,3ヶ月以内の受講を検討している,研究・開発・技術者,NG
35012,検討していない,エンジニアとしての転職に興味がある,教養としてテクノロジーを理解したい,すぐにでも受講したい,その他,OK
30452,検討していない,エンジニアとしての転職に興味がある,副業、フリーランスで稼げるようになりたい,受講は検討していない,総務・人事,NG
33581,検討している,エンジニアとしての転職に興味がある,IT業界で働きたい(就職・転職),3ヶ月よりも後に受講を検討している,広報・広告・デザイン,NG
21724,検討している,転職は考えていない,今の仕事に活かしたい,3ヶ月以内の受講を検討している,広報・広告・デザイン,NG
21672,検討している,転職は考えていない,教養としてテクノロジーを理解したい,3ヶ月以内の受講を検討している,公務員・団体職員,OK
28889,検討していない,転職は考えていない,無回答,3ヶ月以内の受講を検討している,研究・開発・技術者,NG
26008,検討していない,転職は考えていない,副業、フリーランスで稼げるようになりたい,3ヶ月以内の受講を検討している,事務職,NG
34279,検討している,転職は考えていない,今の仕事に活かしたい,3ヶ月以内の受講を検討している,企画・マーケティング,NG
18614,検討している,転職は考えていない,今の仕事に活かしたい,3ヶ月以内の受講を検討している,研究・開発・技術者,NG
23889,検討している,エンジニアとしての転職に興味がある,教養としてテクノロジーを理解したい,3ヶ月以内の受講を検討している,研究・開発・技術者,OK
22752,検討している,IT業界への転職に興味がある,自分でサービスを開発できるようになりたい,3ヶ月よりも後に受講を検討している,高校生以下,NG
32060,検討している,転職は考えていない,副業、フリーランスで稼げるようになりたい,すぐにでも受講したい,公務員・団体職員,NG
19393,検討している,転職は考えていない,自分でサービスを開発できるようになりたい,3ヶ月以内の受講を検討している,大学生,NG
35951,検討していない,IT業界への転職に興味がある,今の仕事に活かしたい,受講は検討していない,研究・開発・技術者,NG
18305,検討していない,IT業界への転職に興味がある,今の仕事に活かしたい,3ヶ月以内の受講を検討している,企画・マーケティング,NG
19735,検討していない,転職は考えていない,自分でサービスを開発できるようになりたい,3ヶ月以内の受講を検討している,主婦,NG
37353,検討していない,転職は考えていない,教養としてテクノロジーを理解したい,すぐにでも受講したい,財務・経理,NG
14951,無回答,転職は考えていない,無回答,プログラミングに興味がある,その他,NG
24684,検討していない,エンジニアとしての転職に興味がある,自分でサービスを開発できるようになりたい,受講は検討していない,営業・販売,NG
37089,検討している,転職は考えていない,今の仕事に活かしたい,3ヶ月よりも後に受講を検討している,広報・広告・デザイン,NG
22560,検討している,転職は考えていない,今の仕事に活かしたい,すぐにでも受講したい,専門職(医師・看護師・弁護士など),NG
20396,検討している,転職は考えていない,自分でサービスを開発できるようになりたい,3ヶ月以内の受講を検討している,会社経営・役員,NG
34948,検討していない,転職は考えていない,自分でサービスを開発できるようになりたい,3ヶ月以内の受講を検討している,総務・人事,NG
36799,検討している,転職は考えていない,教養としてテクノロジーを理解したい,3ヶ月よりも後に受講を検討している,管理職,OK
33458,検討している,IT業界への転職に興味がある,IT業界で働きたい(就職・転職),すぐにでも受講したい,総務・人事,NG
13563,無回答,転職は考えていない,無回答,3ヶ月以内の受講を検討している,企画・マーケティング,NG
25507,検討している,転職は考えていない,今の仕事に活かしたい,すぐにでも受講したい,広報・広告・デザイン,NG
21509,検討している,IT業界への転職に興味がある,副業、フリーランスで稼げるようになりたい,3ヶ月以内の受講を検討している,企画・マーケティング,NG
22248,検討している,転職は考えていない,教養としてテクノロジーを理解したい,3ヶ月以内の受講を検討している,専門職(医師・看護師・弁護士など),NG
32688,検討していない,転職は考えていない,今の仕事に活かしたい,すぐにでも受講したい,その他,NG
28418,検討していない,転職は考えていない,今の仕事に活かしたい,3ヶ月以内の受講を検討している,企画・マーケティング,NG
24826,検討している,IT業界への転職に興味がある,今の仕事に活かしたい,3ヶ月以内の受講を検討している,フリーター,NG
28783,検討していない,転職は考えていない,教養としてテクノロジーを理解したい,3ヶ月以内の受講を検討している,大学生,NG
22287,検討していない,転職は考えていない,今の仕事に活かしたい,すぐにでも受講したい,営業・販売,NG
25148,検討していない,エンジニアとしての転職に興味がある,今の仕事に活かしたい,受講は検討していない,研究・開発・技術者,NG
30313,検討していない,IT業界への転職に興味がある,IT業界で働きたい(就職・転職),3ヶ月以内の受講を検討している,営業・販売,NG
22156,検討している,転職は考えていない,自分でサービスを開発できるようになりたい,3ヶ月以内の受講を検討している,営業・販売,NG
19757,検討していない,エンジニアとしての転職に興味がある,今の仕事に活かしたい,受講は検討していない,研究・開発・技術者,NG
20895,検討している,IT業界への転職に興味がある,IT業界で働きたい(就職・転職),3ヶ月よりも後に受講を検討している,営業・販売,NG
27277,検討している,転職は考えていない,今の仕事に活かしたい,すぐにでも受講したい,研究・開発・技術者,NG
19665,検討している,転職は考えていない,IT業界で働きたい(就職・転職),3ヶ月よりも後に受講を検討している,フリーター,NG
27854,検討している,転職は考えていない,教養としてテクノロジーを理解したい,3ヶ月以内の受講を検討している,企画・マーケティング,OK
18658,検討していない,エンジニアとしての転職に興味がある,自分でサービスを開発できるようになりたい,すぐにでも受講したい,その他,NG
13838,無回答,エンジニアとしての転職に興味がある,無回答,すぐにでも受講したい,営業・販売,NG
30056,検討していない,転職は考えていない,IT業界で働きたい(就職・転職),3ヶ月よりも後に受講を検討している,大学生,NG
25313,検討している,転職は考えていない,自分でサービスを開発できるようになりたい,すぐにでも受講したい,財務・経理,NG
36751,検討している,転職は考えていない,IT業界で働きたい(就職・転職),3ヶ月以内の受講を検討している,公務員・団体職員,NG
20348,検討している,転職は考えていない,自分でサービスを開発できるようになりたい,3ヶ月以内の受講を検討している,大学生,NG
34431,検討している,エンジニアとしての転職に興味がある,IT業界で働きたい(就職・転職),すぐにでも受講したい,フリーター,NG
32242,検討している,転職は考えていない,自分でサービスを開発できるようになりたい,すぐにでも受講したい,大学生,NG
21585,検討している,IT業界への転職に興味がある,教養としてテクノロジーを理解したい,3ヶ月よりも後に受講を検討している,営業・販売,NG
36657,検討している,エンジニアとしての転職に興味がある,自分でサービスを開発できるようになりたい,3ヶ月以内の受講を検討している,研究・開発・技術者,NG
21448,検討している,転職は考えていない,教養としてテクノロジーを理解したい,3ヶ月以内の受講を検討している,大学生,OK
20308,検討していない,転職は考えていない,自分でサービスを開発できるようになりたい,すぐにでも受講したい,大学生,NG
35178,検討していない,IT業界への転職に興味がある,IT業界で働きたい(就職・転職),すぐにでも受講したい,事務職,NG
28338,検討している,転職は考えていない,今の仕事に活かしたい,3ヶ月以内の受講を検討している,その他,NG
36336,検討していない,転職は考えていない,教養としてテクノロジーを理解したい,すぐにでも受講したい,大学生,OK
18688,検討している,転職は考えていない,自分でサービスを開発できるようになりたい,すぐにでも受講したい,専門職(医師・看護師・弁護士など),NG
27659,検討している,転職は考えていない,副業、フリーランスで稼げるようになりたい,3ヶ月以内の受講を検討している,事務職,NG
36008,検討していない,転職は考えていない,今の仕事に活かしたい,3ヶ月以内の受講を検討している,広報・広告・デザイン,NG
19515,検討していない,転職は考えていない,教養としてテクノロジーを理解したい,すぐにでも受講したい,大学生,OK
35878,検討していない,転職は考えていない,副業、フリーランスで稼げるようになりたい,受講は検討していない,大学院生,NG
28594,検討していない,転職は考えていない,副業、フリーランスで稼げるようになりたい,3ヶ月よりも後に受講を検討している,その他,NG
37183,検討している,転職は考えていない,無回答,すぐにでも受講したい,大学生,NG
36416,検討していない,IT業界への転職に興味がある,自分でサービスを開発できるようになりたい,受講は検討していない,その他,NG
20294,検討している,エンジニアとしての転職に興味がある,副業、フリーランスで稼げるようになりたい,3ヶ月以内の受講を検討している,フリーター,NG
18853,検討していない,エンジニアとしての転職に興味がある,今の仕事に活かしたい,3ヶ月以内の受講を検討している,公務員・団体職員,NG
33537,検討していない,転職は考えていない,自分でサービスを開発できるようになりたい,すぐにでも受講したい,その他,NG
25456,検討していない,転職は考えていない,教養としてテクノロジーを理解したい,3ヶ月よりも後に受講を検討している,広報・広告・デザイン,NG
28036,検討している,転職は考えていない,教養としてテクノロジーを理解したい,3ヶ月以内の受講を検討している,フリーター,OK
32923,検討していない,転職は考えていない,自分でサービスを開発できるようになりたい,3ヶ月以内の受講を検討している,大学生,NG
20045,検討していない,転職は考えていない,副業、フリーランスで稼げるようになりたい,すぐにでも受講したい,広報・広告・デザイン,NG
30042,検討している,転職は考えていない,副業、フリーランスで稼げるようになりたい,3ヶ月以内の受講を検討している,営業・販売,NG
26009,検討している,IT業界への転職に興味がある,自分でサービスを開発できるようになりたい,受講は検討していない,その他,NG
21056,検討していない,エンジニアとしての転職に興味がある,IT業界で働きたい(就職・転職),3ヶ月よりも後に受講を検討している,営業・販売,NG
34895,検討していない,転職は考えていない,副業、フリーランスで稼げるようになりたい,受講は検討していない,その他,NG
25464,検討していない,転職は考えていない,教養としてテクノロジーを理解したい,3ヶ月以内の受講を検討している,企画・マーケティング,OK
32945,検討している,転職は考えていない,今の仕事に活かしたい,3ヶ月以内の受講を検討している,総務・人事,NG
34035,検討していない,転職は考えていない,IT業界で働きたい(就職・転職),3ヶ月以内の受講を検討している,大学生,NG
18507,検討している,転職は考えていない,教養としてテクノロジーを理解したい,受講は検討していない,大学生,OK
18932,検討していない,転職は考えていない,IT業界で働きたい(就職・転職),受講は検討していない,企画・マーケティング,NG
26581,検討している,IT業界への転職に興味がある,副業、フリーランスで稼げるようになりたい,すぐにでも受講したい,専門職(医師・看護師・弁護士など),NG
30842,検討している,IT業界への転職に興味がある,副業、フリーランスで稼げるようになりたい,すぐにでも受講したい,企画・マーケティング,NG
36517,検討していない,転職は考えていない,副業、フリーランスで稼げるようになりたい,3ヶ月よりも後に受講を検討している,管理職,NG
36948,検討していない,転職は考えていない,副業、フリーランスで稼げるようになりたい,3ヶ月以内の受講を検討している,研究・開発・技術者,NG
34244,検討していない,転職は考えていない,教養としてテクノロジーを理解したい,すぐにでも受講したい,総務・人事,OK
27776,検討していない,転職は考えていない,自分でサービスを開発できるようになりたい,すぐにでも受講したい,管理職,NG
14010,無回答,転職は考えていない,無回答,3ヶ月以内の受講を検討している,広報・広告・デザイン,NG
13639,無回答,転職は考えていない,無回答,プログラミングに興味がある,大学生,NG
35627,検討している,エンジニアとしての転職に興味がある,IT業界で働きたい(就職・転職),3ヶ月よりも後に受講を検討している,営業・販売,NG
34638,検討している,転職は考えていない,副業、フリーランスで稼げるようになりたい,3ヶ月以内の受講を検討している,専門職(医師・看護師・弁護士など),NG
37213,検討している,エンジニアとしての転職に興味がある,副業、フリーランスで稼げるようになりたい,3ヶ月以内の受講を検討している,研究・開発・技術者,NG
32596,検討していない,IT業界への転職に興味がある,自分でサービスを開発できるようになりたい,すぐにでも受講したい,企画・マーケティング,NG